,datetime,open,high,low,close,volume,oi,vwap,best_bid,best_offer
0,2021-08-16 09:15:00,-1.0,-1.0,-1.0,-1.0,-1,-1,-1.0,-1.0,-1.0
1,2021-08-16 09:16:00,-1.0,-1.0,-1.0,-1.0,-1,-1,-1.0,-1.0,-1.0
2,2021-08-16 09:17:00,-1.0,-1.0,-1.0,-1.0,-1,-1,-1.0,-1.0,-1.0
3,2021-08-16 09:18:00,-1.0,-1.0,-1.0,-1.0,-1,-1,-1.0,-1.0,-1.0
4,2021-08-16 09:19:00,-1.0,-1.0,-1.0,-1.0,-1,-1,-1.0,-1.0,-1.0
5,2021-08-16 09:20:00,-1.0,-1.0,-1.0,-1.0,-1,-1,-1.0,-1.0,-1.0
6,2021-08-16 09:21:00,-1.0,-1.0,-1.0,-1.0,-1,-1,-1.0,-1.0,-1.0
7,2021-08-16 09:22:00,-1.0,-1.0,-1.0,-1.0,-1,-1,-1.0,-1.0,-1.0
8,2021-08-16 09:23:00,-1.0,-1.0,-1.0,-1.0,-1,-1,-1.0,-1.0,-1.0
9,2021-08-16 09:24:00,-1.0,-1.0,-1.0,-1.0,-1,-1,-1.0,-1.0,-1.0
10,2021-08-16 09:25:00,-1.0,-1.0,-1.0,-1.0,-1,-1,-1.0,-1.0,-1.0
11,2021-08-16 09:26:00,-1.0,-1.0,-1.0,-1.0,-1,-1,-1.0,-1.0,-1.0
12,2021-08-16 09:27:00,-1.0,-1.0,-1.0,-1.0,-1,-1,-1.0,-1.0,-1.0
13,2021-08-16 09:28:00,-1.0,-1.0,-1.0,-1.0,-1,-1,-1.0,-1.0,-1.0
14,2021-08-16 09:29:00,-1.0,-1.0,-1.0,-1.0,-1,-1,-1.0,-1.0,-1.0
15,2021-08-16 09:30:00,-1.0,-1.0,-1.0,-1.0,-1,-1,-1.0,-1.0,-1.0
16,2021-08-16 09:31:00,-1.0,-1.0,-1.0,-1.0,-1,-1,-1.0,-1.0,-1.0
17,2021-08-16 09:32:00,-1.0,-1.0,-1.0,-1.0,-1,-1,-1.0,-1.0,-1.0
18,2021-08-16 09:33:00,-1.0,-1.0,-1.0,-1.0,-1,-1,-1.0,-1.0,-1.0
19,2021-08-16 09:34:00,-1.0,-1.0,-1.0,-1.0,-1,-1,-1.0,-1.0,-1.0
20,2021-08-16 09:35:00,-1.0,-1.0,-1.0,-1.0,-1,-1,-1.0,-1.0,-1.0
21,2021-08-16 09:36:00,-1.0,-1.0,-1.0,-1.0,-1,-1,-1.0,-1.0,-1.0
22,2021-08-16 09:37:00,-1.0,-1.0,-1.0,-1.0,-1,-1,-1.0,-1.0,-1.0
23,2021-08-16 09:38:00,-1.0,-1.0,-1.0,-1.0,-1,-1,-1.0,-1.0,-1.0
24,2021-08-16 09:39:00,-1.0,-1.0,-1.0,-1.0,-1,-1,-1.0,-1.0,-1.0
25,2021-08-16 09:40:00,-1.0,-1.0,-1.0,-1.0,-1,-1,-1.0,-1.0,-1.0
26,2021-08-16 09:41:00,-1.0,-1.0,-1.0,-1.0,-1,-1,-1.0,-1.0,-1.0
27,2021-08-16 09:42:00,-1.0,-1.0,-1.0,-1.0,-1,-1,-1.0,-1.0,-1.0
28,2021-08-16 09:43:00,-1.0,-1.0,-1.0,-1.0,-1,-1,-1.0,-1.0,-1.0
29,2021-08-16 09:44:00,-1.0,-1.0,-1.0,-1.0,-1,-1,-1.0,-1.0,-1.0
30,2021-08-16 09:45:00,-1.0,-1.0,-1.0,-1.0,-1,-1,-1.0,-1.0,-1.0
31,2021-08-16 09:46:00,-1.0,-1.0,-1.0,-1.0,-1,-1,-1.0,-1.0,-1.0
32,2021-08-16 09:47:00,-1.0,-1.0,-1.0,-1.0,-1,-1,-1.0,-1.0,-1.0
33,2021-08-16 09:48:00,-1.0,-1.0,-1.0,-1.0,-1,-1,-1.0,-1.0,-1.0
34,2021-08-16 09:49:00,-1.0,-1.0,-1.0,-1.0,-1,-1,-1.0,-1.0,-1.0
35,2021-08-16 09:50:00,-1.0,-1.0,-1.0,-1.0,-1,-1,-1.0,-1.0,-1.0
36,2021-08-16 09:51:00,-1.0,-1.0,-1.0,-1.0,-1,-1,-1.0,-1.0,-1.0
37,2021-08-16 09:52:00,-1.0,-1.0,-1.0,-1.0,-1,-1,-1.0,-1.0,-1.0
38,2021-08-16 09:53:00,-1.0,-1.0,-1.0,-1.0,-1,-1,-1.0,-1.0,-1.0
39,2021-08-16 09:54:00,-1.0,-1.0,-1.0,-1.0,-1,-1,-1.0,-1.0,-1.0
40,2021-08-16 09:55:00,-1.0,-1.0,-1.0,-1.0,-1,-1,-1.0,-1.0,-1.0
41,2021-08-16 09:56:00,-1.0,-1.0,-1.0,-1.0,-1,-1,-1.0,-1.0,-1.0
42,2021-08-16 09:57:00,-1.0,-1.0,-1.0,-1.0,-1,-1,-1.0,-1.0,-1.0
43,2021-08-16 09:58:00,-1.0,-1.0,-1.0,-1.0,-1,-1,-1.0,-1.0,-1.0
44,2021-08-16 09:59:00,-1.0,-1.0,-1.0,-1.0,-1,-1,-1.0,-1.0,-1.0
45,2021-08-16 10:00:00,-1.0,-1.0,-1.0,-1.0,-1,-1,-1.0,-1.0,-1.0
46,2021-08-16 10:01:00,-1.0,-1.0,-1.0,-1.0,-1,-1,-1.0,-1.0,-1.0
47,2021-08-16 10:02:00,-1.0,-1.0,-1.0,-1.0,-1,-1,-1.0,-1.0,-1.0
48,2021-08-16 10:03:00,-1.0,-1.0,-1.0,-1.0,-1,-1,-1.0,-1.0,-1.0
49,2021-08-16 10:04:00,-1.0,-1.0,-1.0,-1.0,-1,-1,-1.0,-1.0,-1.0
50,2021-08-16 10:05:00,-1.0,-1.0,-1.0,-1.0,-1,-1,-1.0,-1.0,-1.0
51,2021-08-16 10:06:00,-1.0,-1.0,-1.0,-1.0,-1,-1,-1.0,-1.0,-1.0
52,2021-08-16 10:07:00,-1.0,-1.0,-1.0,-1.0,-1,-1,-1.0,-1.0,-1.0
53,2021-08-16 10:08:00,-1.0,-1.0,-1.0,-1.0,-1,-1,-1.0,-1.0,-1.0
54,2021-08-16 10:09:00,-1.0,-1.0,-1.0,-1.0,-1,-1,-1.0,-1.0,-1.0
55,2021-08-16 10:10:00,-1.0,-1.0,-1.0,-1.0,-1,-1,-1.0,-1.0,-1.0
56,2021-08-16 10:11:00,-1.0,-1.0,-1.0,-1.0,-1,-1,-1.0,-1.0,-1.0
57,2021-08-16 10:12:00,-1.0,-1.0,-1.0,-1.0,-1,-1,-1.0,-1.0,-1.0
58,2021-08-16 10:13:00,-1.0,-1.0,-1.0,-1.0,-1,-1,-1.0,-1.0,-1.0
59,2021-08-16 10:14:00,-1.0,-1.0,-1.0,-1.0,-1,-1,-1.0,-1.0,-1.0
60,2021-08-16 10:15:00,-1.0,-1.0,-1.0,-1.0,-1,-1,-1.0,-1.0,-1.0
61,2021-08-16 10:16:00,-1.0,-1.0,-1.0,-1.0,-1,-1,-1.0,-1.0,-1.0
62,2021-08-16 10:17:00,-1.0,-1.0,-1.0,-1.0,-1,-1,-1.0,-1.0,-1.0
63,2021-08-16 10:18:00,-1.0,-1.0,-1.0,-1.0,-1,-1,-1.0,-1.0,-1.0
64,2021-08-16 10:19:00,-1.0,-1.0,-1.0,-1.0,-1,-1,-1.0,-1.0,-1.0
65,2021-08-16 10:20:00,-1.0,-1.0,-1.0,-1.0,-1,-1,-1.0,-1.0,-1.0
66,2021-08-16 10:21:00,-1.0,-1.0,-1.0,-1.0,-1,-1,-1.0,-1.0,-1.0
67,2021-08-16 10:22:00,-1.0,-1.0,-1.0,-1.0,-1,-1,-1.0,-1.0,-1.0
68,2021-08-16 10:23:00,-1.0,-1.0,-1.0,-1.0,-1,-1,-1.0,-1.0,-1.0
69,2021-08-16 10:24:00,-1.0,-1.0,-1.0,-1.0,-1,-1,-1.0,-1.0,-1.0
70,2021-08-16 10:25:00,-1.0,-1.0,-1.0,-1.0,-1,-1,-1.0,-1.0,-1.0
71,2021-08-16 10:26:00,-1.0,-1.0,-1.0,-1.0,-1,-1,-1.0,-1.0,-1.0
72,2021-08-16 10:27:00,-1.0,-1.0,-1.0,-1.0,-1,-1,-1.0,-1.0,-1.0
73,2021-08-16 10:28:00,-1.0,-1.0,-1.0,-1.0,-1,-1,-1.0,-1.0,-1.0
74,2021-08-16 10:29:00,-1.0,-1.0,-1.0,-1.0,-1,-1,-1.0,-1.0,-1.0
75,2021-08-16 10:30:00,-1.0,-1.0,-1.0,-1.0,-1,-1,-1.0,-1.0,-1.0
76,2021-08-16 10:31:00,-1.0,-1.0,-1.0,-1.0,-1,-1,-1.0,-1.0,-1.0
77,2021-08-16 10:32:00,-1.0,-1.0,-1.0,-1.0,-1,-1,-1.0,-1.0,-1.0
78,2021-08-16 10:33:00,-1.0,-1.0,-1.0,-1.0,-1,-1,-1.0,-1.0,-1.0
79,2021-08-16 10:34:00,-1.0,-1.0,-1.0,-1.0,-1,-1,-1.0,-1.0,-1.0
80,2021-08-16 10:35:00,-1.0,-1.0,-1.0,-1.0,-1,-1,-1.0,-1.0,-1.0
81,2021-08-16 10:36:00,-1.0,-1.0,-1.0,-1.0,-1,-1,-1.0,-1.0,-1.0
82,2021-08-16 10:37:00,-1.0,-1.0,-1.0,-1.0,-1,-1,-1.0,-1.0,-1.0
83,2021-08-16 10:38:00,-1.0,-1.0,-1.0,-1.0,-1,-1,-1.0,-1.0,-1.0
84,2021-08-16 10:39:00,-1.0,-1.0,-1.0,-1.0,-1,-1,-1.0,-1.0,-1.0
85,2021-08-16 10:40:00,-1.0,-1.0,-1.0,-1.0,-1,-1,-1.0,-1.0,-1.0
86,2021-08-16 10:41:00,-1.0,-1.0,-1.0,-1.0,-1,-1,-1.0,-1.0,-1.0
87,2021-08-16 10:42:00,-1.0,-1.0,-1.0,-1.0,-1,-1,-1.0,-1.0,-1.0
88,2021-08-16 10:43:00,-1.0,-1.0,-1.0,-1.0,-1,-1,-1.0,-1.0,-1.0
89,2021-08-16 10:44:00,-1.0,-1.0,-1.0,-1.0,-1,-1,-1.0,-1.0,-1.0
90,2021-08-16 10:45:00,-1.0,-1.0,-1.0,-1.0,-1,-1,-1.0,-1.0,-1.0
91,2021-08-16 10:46:00,2138.15,2138.15,2138.15,2138.15,50,0,2138.15,2061.2,2138.2
92,2021-08-16 10:47:00,2138.15,2138.15,2138.15,2138.15,50,0,2138.15,2061.2,2138.2
93,2021-08-16 10:48:00,2062.3,2062.3,2062.3,2062.3,50,50,2100.22,2115.9,2181.05
94,2021-08-16 10:49:00,2062.3,2062.3,2062.3,2062.3,50,50,2100.22,2115.9,2181.05
95,2021-08-16 10:50:00,2062.3,2062.3,2062.3,2062.3,50,50,2100.22,2115.9,2181.05
96,2021-08-16 10:51:00,2062.3,2062.3,2062.3,2062.3,50,50,2100.22,2115.9,2181.05
97,2021-08-16 10:52:00,2062.3,2062.3,2062.3,2062.3,50,50,2100.22,2115.9,2181.05
98,2021-08-16 10:53:00,2062.3,2062.3,2062.3,2062.3,50,50,2100.22,2115.9,2181.05
99,2021-08-16 10:54:00,2062.3,2062.3,2062.3,2062.3,50,50,2100.22,2115.9,2181.05
100,2021-08-16 10:55:00,2062.3,2062.3,2062.3,2062.3,50,50,2100.22,2115.9,2181.05
101,2021-08-16 10:56:00,2062.3,2062.3,2062.3,2062.3,50,50,2100.22,2115.9,2181.05
102,2021-08-16 10:57:00,2062.3,2062.3,2062.3,2062.3,50,50,2100.22,2115.9,2181.05
103,2021-08-16 10:58:00,2062.3,2062.3,2062.3,2062.3,50,50,2100.22,2115.9,2181.05
104,2021-08-16 10:59:00,2062.3,2062.3,2062.3,2062.3,50,50,2100.22,2115.9,2181.05
105,2021-08-16 11:00:00,2062.3,2062.3,2062.3,2062.3,50,50,2100.22,2115.9,2181.05
106,2021-08-16 11:01:00,2062.3,2062.3,2062.3,2062.3,50,50,2100.22,2115.9,2181.05
107,2021-08-16 11:02:00,2062.3,2062.3,2062.3,2062.3,50,50,2100.22,2115.9,2181.05
108,2021-08-16 11:03:00,2062.3,2062.3,2062.3,2062.3,50,50,2100.22,2115.9,2181.05
109,2021-08-16 11:04:00,2062.3,2062.3,2062.3,2062.3,50,50,2100.22,2115.9,2181.05
110,2021-08-16 11:05:00,2062.3,2062.3,2062.3,2062.3,50,50,2100.22,2115.9,2181.05
111,2021-08-16 11:06:00,2062.3,2062.3,2062.3,2062.3,50,50,2100.22,2115.9,2181.05
112,2021-08-16 11:07:00,2062.3,2062.3,2062.3,2062.3,50,50,2100.22,2115.9,2181.05
113,2021-08-16 11:08:00,2062.3,2062.3,2062.3,2062.3,50,50,2100.22,2115.9,2181.05
114,2021-08-16 11:09:00,2062.3,2062.3,2062.3,2062.3,50,50,2100.22,2115.9,2181.05
115,2021-08-16 11:10:00,2062.3,2062.3,2062.3,2062.3,50,50,2100.22,2115.9,2181.05
116,2021-08-16 11:11:00,2062.3,2062.3,2062.3,2062.3,50,50,2100.22,2115.9,2181.05
117,2021-08-16 11:12:00,2062.3,2062.3,2062.3,2062.3,50,50,2100.22,2115.9,2181.05
118,2021-08-16 11:13:00,2062.3,2062.3,2062.3,2062.3,50,50,2100.22,2115.9,2181.05
119,2021-08-16 11:14:00,2062.3,2062.3,2062.3,2062.3,50,50,2100.22,2115.9,2181.05
120,2021-08-16 11:15:00,2062.3,2062.3,2062.3,2062.3,50,50,2100.22,2115.9,2181.05
121,2021-08-16 11:16:00,2062.3,2062.3,2062.3,2062.3,50,50,2100.22,2115.9,2181.05
122,2021-08-16 11:17:00,2062.3,2062.3,2062.3,2062.3,50,50,2100.22,2115.9,2181.05
123,2021-08-16 11:18:00,2062.3,2062.3,2062.3,2062.3,50,50,2100.22,2115.9,2181.05
124,2021-08-16 11:19:00,2062.3,2062.3,2062.3,2062.3,50,50,2100.22,2115.9,2181.05
125,2021-08-16 11:20:00,2062.3,2062.3,2062.3,2062.3,50,50,2100.22,2115.9,2181.05
126,2021-08-16 11:21:00,2062.3,2062.3,2062.3,2062.3,50,50,2100.22,2115.9,2181.05
127,2021-08-16 11:22:00,2062.3,2062.3,2062.3,2062.3,50,50,2100.22,2115.9,2181.05
128,2021-08-16 11:23:00,2062.3,2062.3,2062.3,2062.3,50,50,2100.22,2115.9,2181.05
129,2021-08-16 11:24:00,2062.3,2062.3,2062.3,2062.3,50,50,2100.22,2115.9,2181.05
130,2021-08-16 11:25:00,2062.3,2062.3,2062.3,2062.3,50,50,2100.22,2115.9,2181.05
131,2021-08-16 11:26:00,2062.3,2062.3,2062.3,2062.3,50,50,2100.22,2115.9,2181.05
132,2021-08-16 11:27:00,2062.3,2062.3,2062.3,2062.3,50,50,2100.22,2115.9,2181.05
133,2021-08-16 11:28:00,2062.3,2062.3,2062.3,2062.3,50,50,2100.22,2115.9,2181.05
134,2021-08-16 11:29:00,2062.3,2062.3,2062.3,2062.3,50,50,2100.22,2115.9,2181.05
135,2021-08-16 11:30:00,2062.3,2062.3,2062.3,2062.3,50,50,2100.22,2115.9,2181.05
136,2021-08-16 11:31:00,2062.3,2062.3,2062.3,2062.3,50,50,2100.22,2115.9,2181.05
137,2021-08-16 11:32:00,2062.3,2062.3,2062.3,2062.3,50,50,2100.22,2115.9,2181.05
138,2021-08-16 11:33:00,2062.3,2062.3,2062.3,2062.3,50,50,2100.22,2115.9,2181.05
139,2021-08-16 11:34:00,2062.3,2062.3,2062.3,2062.3,50,50,2100.22,2115.9,2181.05
140,2021-08-16 11:35:00,2062.3,2062.3,2062.3,2062.3,50,50,2100.22,2115.9,2181.05
141,2021-08-16 11:36:00,2062.3,2062.3,2062.3,2062.3,50,50,2100.22,2115.9,2181.05
142,2021-08-16 11:37:00,2062.3,2062.3,2062.3,2062.3,50,50,2100.22,2115.9,2181.05
143,2021-08-16 11:38:00,2062.3,2062.3,2062.3,2062.3,50,50,2100.22,2115.9,2181.05
144,2021-08-16 11:39:00,2062.3,2062.3,2062.3,2062.3,50,50,2100.22,2115.9,2181.05
145,2021-08-16 11:40:00,2062.3,2062.3,2062.3,2062.3,50,50,2100.22,2115.9,2181.05
146,2021-08-16 11:41:00,2062.3,2062.3,2062.3,2062.3,50,50,2100.22,2115.9,2181.05
147,2021-08-16 11:42:00,2062.3,2062.3,2062.3,2062.3,50,50,2100.22,2115.9,2181.05
148,2021-08-16 11:43:00,2062.3,2062.3,2062.3,2062.3,50,50,2100.22,2115.9,2181.05
149,2021-08-16 11:44:00,2062.3,2062.3,2062.3,2062.3,50,50,2100.22,2115.9,2181.05
150,2021-08-16 11:45:00,2062.3,2062.3,2062.3,2062.3,50,50,2100.22,2115.9,2181.05
151,2021-08-16 11:46:00,2062.3,2062.3,2062.3,2062.3,50,50,2100.22,2115.9,2181.05
152,2021-08-16 11:47:00,2062.3,2062.3,2062.3,2062.3,50,50,2100.22,2115.9,2181.05
153,2021-08-16 11:48:00,2062.3,2062.3,2062.3,2062.3,50,50,2100.22,2115.9,2181.05
154,2021-08-16 11:49:00,2062.3,2062.3,2062.3,2062.3,50,50,2100.22,2115.9,2181.05
155,2021-08-16 11:50:00,2062.3,2062.3,2062.3,2062.3,50,50,2100.22,2115.9,2181.05
156,2021-08-16 11:51:00,2062.3,2062.3,2062.3,2062.3,50,50,2100.22,2115.9,2181.05
157,2021-08-16 11:52:00,2062.3,2062.3,2062.3,2062.3,50,50,2100.22,2115.9,2181.05
158,2021-08-16 11:53:00,2062.3,2062.3,2062.3,2062.3,50,50,2100.22,2115.9,2181.05
159,2021-08-16 11:54:00,2062.3,2062.3,2062.3,2062.3,50,50,2100.22,2115.9,2181.05
160,2021-08-16 11:55:00,2062.3,2062.3,2062.3,2062.3,50,50,2100.22,2115.9,2181.05
161,2021-08-16 11:56:00,2062.3,2062.3,2062.3,2062.3,50,50,2100.22,2115.9,2181.05
162,2021-08-16 11:57:00,2062.3,2062.3,2062.3,2062.3,50,50,2100.22,2115.9,2181.05
163,2021-08-16 11:58:00,2062.3,2062.3,2062.3,2062.3,50,50,2100.22,2115.9,2181.05
164,2021-08-16 11:59:00,2062.3,2062.3,2062.3,2062.3,50,50,2100.22,2115.9,2181.05
165,2021-08-16 12:00:00,2062.3,2062.3,2062.3,2062.3,50,50,2100.22,2115.9,2181.05
166,2021-08-16 12:01:00,2062.3,2062.3,2062.3,2062.3,50,50,2100.22,2115.9,2181.05
167,2021-08-16 12:02:00,2062.3,2062.3,2062.3,2062.3,50,50,2100.22,2115.9,2181.05
168,2021-08-16 12:03:00,2062.3,2062.3,2062.3,2062.3,50,50,2100.22,2115.9,2181.05
169,2021-08-16 12:04:00,2062.3,2062.3,2062.3,2062.3,50,50,2100.22,2115.9,2181.05
170,2021-08-16 12:05:00,2062.3,2062.3,2062.3,2062.3,50,50,2100.22,2115.9,2181.05
171,2021-08-16 12:06:00,2062.3,2062.3,2062.3,2062.3,50,50,2100.22,2115.9,2181.05
172,2021-08-16 12:07:00,2062.3,2062.3,2062.3,2062.3,50,50,2100.22,2115.9,2181.05
173,2021-08-16 12:08:00,2062.3,2062.3,2062.3,2062.3,50,50,2100.22,2115.9,2181.05
174,2021-08-16 12:09:00,2062.3,2062.3,2062.3,2062.3,50,50,2100.22,2115.9,2181.05
175,2021-08-16 12:10:00,2062.3,2062.3,2062.3,2062.3,50,50,2100.22,2115.9,2181.05
176,2021-08-16 12:11:00,2062.3,2062.3,2062.3,2062.3,50,50,2100.22,2115.9,2181.05
177,2021-08-16 12:12:00,2062.3,2062.3,2062.3,2062.3,50,50,2100.22,2115.9,2181.05
178,2021-08-16 12:13:00,2062.3,2062.3,2062.3,2062.3,50,50,2100.22,2115.9,2181.05
179,2021-08-16 12:14:00,2062.3,2062.3,2062.3,2062.3,50,50,2100.22,2115.9,2181.05
180,2021-08-16 12:15:00,2062.3,2062.3,2062.3,2062.3,50,50,2100.22,2115.9,2181.05
181,2021-08-16 12:16:00,2062.3,2062.3,2062.3,2062.3,50,50,2100.22,2115.9,2181.05
182,2021-08-16 12:17:00,2062.3,2062.3,2062.3,2062.3,50,50,2100.22,2115.9,2181.05
183,2021-08-16 12:18:00,2062.3,2062.3,2062.3,2062.3,50,50,2100.22,2115.9,2181.05
184,2021-08-16 12:19:00,2062.3,2062.3,2062.3,2062.3,50,50,2100.22,2115.9,2181.05
185,2021-08-16 12:20:00,2062.3,2062.3,2062.3,2062.3,50,50,2100.22,2115.9,2181.05
186,2021-08-16 12:21:00,2062.3,2062.3,2062.3,2062.3,50,50,2100.22,2115.9,2181.05
187,2021-08-16 12:22:00,2062.3,2062.3,2062.3,2062.3,50,50,2100.22,2115.9,2181.05
188,2021-08-16 12:23:00,2062.3,2062.3,2062.3,2062.3,50,50,2100.22,2115.9,2181.05
189,2021-08-16 12:24:00,2062.3,2062.3,2062.3,2062.3,50,50,2100.22,2115.9,2181.05
190,2021-08-16 12:25:00,2062.3,2062.3,2062.3,2062.3,50,50,2100.22,2115.9,2181.05
191,2021-08-16 12:26:00,2062.3,2062.3,2062.3,2062.3,50,50,2100.22,2115.9,2181.05
192,2021-08-16 12:27:00,2062.3,2062.3,2062.3,2062.3,50,50,2100.22,2115.9,2181.05
193,2021-08-16 12:28:00,2062.3,2062.3,2062.3,2062.3,50,50,2100.22,2115.9,2181.05
194,2021-08-16 12:29:00,2062.3,2062.3,2062.3,2062.3,50,50,2100.22,2115.9,2181.05
195,2021-08-16 12:30:00,2062.3,2062.3,2062.3,2062.3,50,50,2100.22,2115.9,2181.05
196,2021-08-16 12:31:00,2062.3,2062.3,2062.3,2062.3,50,50,2100.22,2115.9,2181.05
197,2021-08-16 12:32:00,2062.3,2062.3,2062.3,2062.3,50,50,2100.22,2115.9,2181.05
198,2021-08-16 12:33:00,2062.3,2062.3,2062.3,2062.3,50,50,2100.22,2115.9,2181.05
199,2021-08-16 12:34:00,2062.3,2062.3,2062.3,2062.3,50,50,2100.22,2115.9,2181.05
200,2021-08-16 12:35:00,2062.3,2062.3,2062.3,2062.3,50,50,2100.22,2115.9,2181.05
201,2021-08-16 12:36:00,2062.3,2062.3,2062.3,2062.3,50,50,2100.22,2115.9,2181.05
202,2021-08-16 12:37:00,2062.3,2062.3,2062.3,2062.3,50,50,2100.22,2115.9,2181.05
203,2021-08-16 12:38:00,2062.3,2062.3,2062.3,2062.3,50,50,2100.22,2115.9,2181.05
204,2021-08-16 12:39:00,2062.3,2062.3,2062.3,2062.3,50,50,2100.22,2115.9,2181.05
205,2021-08-16 12:40:00,2062.3,2062.3,2062.3,2062.3,50,50,2100.22,2115.9,2181.05
206,2021-08-16 12:41:00,2062.3,2062.3,2062.3,2062.3,50,50,2100.22,2115.9,2181.05
207,2021-08-16 12:42:00,2062.3,2062.3,2062.3,2062.3,50,50,2100.22,2115.9,2181.05
208,2021-08-16 12:43:00,2062.3,2062.3,2062.3,2062.3,50,50,2100.22,2115.9,2181.05
209,2021-08-16 12:44:00,2062.3,2062.3,2062.3,2062.3,50,50,2100.22,2115.9,2181.05
210,2021-08-16 12:45:00,2062.3,2062.3,2062.3,2062.3,50,50,2100.22,2115.9,2181.05
211,2021-08-16 12:46:00,2062.3,2062.3,2062.3,2062.3,50,50,2100.22,2115.9,2181.05
212,2021-08-16 12:47:00,2062.3,2062.3,2062.3,2062.3,50,50,2100.22,2115.9,2181.05
213,2021-08-16 12:48:00,2062.3,2062.3,2062.3,2062.3,50,50,2100.22,2115.9,2181.05
214,2021-08-16 12:49:00,2062.3,2062.3,2062.3,2062.3,50,50,2100.22,2115.9,2181.05
215,2021-08-16 12:50:00,2062.3,2062.3,2062.3,2062.3,50,50,2100.22,2115.9,2181.05
216,2021-08-16 12:51:00,2062.3,2062.3,2062.3,2062.3,50,50,2100.22,2115.9,2181.05
217,2021-08-16 12:52:00,2062.3,2062.3,2062.3,2062.3,50,50,2100.22,2115.9,2181.05
218,2021-08-16 12:53:00,2062.3,2062.3,2062.3,2062.3,50,50,2100.22,2115.9,2181.05
219,2021-08-16 12:54:00,2062.3,2062.3,2062.3,2062.3,50,50,2100.22,2115.9,2181.05
220,2021-08-16 12:55:00,2062.3,2062.3,2062.3,2062.3,50,50,2100.22,2115.9,2181.05
221,2021-08-16 12:56:00,2062.3,2062.3,2062.3,2062.3,50,50,2100.22,2115.9,2181.05
222,2021-08-16 12:57:00,2062.3,2062.3,2062.3,2062.3,50,50,2100.22,2115.9,2181.05
223,2021-08-16 12:58:00,2062.3,2062.3,2062.3,2062.3,50,50,2100.22,2115.9,2181.05
224,2021-08-16 12:59:00,2062.3,2062.3,2062.3,2062.3,50,50,2100.22,2115.9,2181.05
225,2021-08-16 13:00:00,2062.3,2062.3,2062.3,2062.3,50,50,2100.22,2115.9,2181.05
226,2021-08-16 13:01:00,2062.3,2062.3,2062.3,2062.3,50,50,2100.22,2115.9,2181.05
227,2021-08-16 13:02:00,2062.3,2062.3,2062.3,2062.3,50,50,2100.22,2115.9,2181.05
228,2021-08-16 13:03:00,2062.3,2062.3,2062.3,2062.3,50,50,2100.22,2115.9,2181.05
229,2021-08-16 13:04:00,2062.3,2062.3,2062.3,2062.3,50,50,2100.22,2115.9,2181.05
230,2021-08-16 13:05:00,2062.3,2062.3,2062.3,2062.3,50,50,2100.22,2115.9,2181.05
231,2021-08-16 13:06:00,2062.3,2062.3,2062.3,2062.3,50,50,2100.22,2115.9,2181.05
232,2021-08-16 13:07:00,2062.3,2062.3,2062.3,2062.3,50,50,2100.22,2115.9,2181.05
233,2021-08-16 13:08:00,2062.3,2062.3,2062.3,2062.3,50,50,2100.22,2115.9,2181.05
234,2021-08-16 13:09:00,2062.3,2062.3,2062.3,2062.3,50,50,2100.22,2115.9,2181.05
235,2021-08-16 13:10:00,2062.3,2062.3,2062.3,2062.3,50,50,2100.22,2115.9,2181.05
236,2021-08-16 13:11:00,2062.3,2062.3,2062.3,2062.3,50,50,2100.22,2115.9,2181.05
237,2021-08-16 13:12:00,2062.3,2062.3,2062.3,2062.3,50,50,2100.22,2115.9,2181.05
238,2021-08-16 13:13:00,2062.3,2062.3,2062.3,2062.3,50,50,2100.22,2115.9,2181.05
239,2021-08-16 13:14:00,2062.3,2062.3,2062.3,2062.3,50,50,2100.22,2115.9,2181.05
240,2021-08-16 13:15:00,2062.3,2062.3,2062.3,2062.3,50,50,2100.22,2115.9,2181.05
241,2021-08-16 13:16:00,2062.3,2062.3,2062.3,2062.3,50,50,2100.22,2115.9,2181.05
242,2021-08-16 13:17:00,2062.3,2062.3,2062.3,2062.3,50,50,2100.22,2115.9,2181.05
243,2021-08-16 13:18:00,2062.3,2062.3,2062.3,2062.3,50,50,2100.22,2115.9,2181.05
244,2021-08-16 13:19:00,2062.3,2062.3,2062.3,2062.3,50,50,2100.22,2115.9,2181.05
245,2021-08-16 13:20:00,2062.3,2062.3,2062.3,2062.3,50,50,2100.22,2115.9,2181.05
246,2021-08-16 13:21:00,2062.3,2062.3,2062.3,2062.3,50,50,2100.22,2115.9,2181.05
247,2021-08-16 13:22:00,2062.3,2062.3,2062.3,2062.3,50,50,2100.22,2115.9,2181.05
248,2021-08-16 13:23:00,2062.3,2062.3,2062.3,2062.3,50,50,2100.22,2115.9,2181.05
249,2021-08-16 13:24:00,2062.3,2062.3,2062.3,2062.3,50,50,2100.22,2115.9,2181.05
250,2021-08-16 13:25:00,2062.3,2062.3,2062.3,2062.3,50,50,2100.22,2115.9,2181.05
251,2021-08-16 13:26:00,2062.3,2062.3,2062.3,2062.3,50,50,2100.22,2115.9,2181.05
252,2021-08-16 13:27:00,2062.3,2062.3,2062.3,2062.3,50,50,2100.22,2115.9,2181.05
253,2021-08-16 13:28:00,2062.3,2062.3,2062.3,2062.3,50,50,2100.22,2115.9,2181.05
254,2021-08-16 13:29:00,2062.3,2062.3,2062.3,2062.3,50,50,2100.22,2115.9,2181.05
255,2021-08-16 13:30:00,2062.3,2062.3,2062.3,2062.3,50,50,2100.22,2115.9,2181.05
256,2021-08-16 13:31:00,2062.3,2062.3,2062.3,2062.3,50,50,2100.22,2115.9,2181.05
257,2021-08-16 13:32:00,2062.3,2062.3,2062.3,2062.3,50,50,2100.22,2115.9,2181.05
258,2021-08-16 13:33:00,2062.3,2062.3,2062.3,2062.3,50,50,2100.22,2115.9,2181.05
259,2021-08-16 13:34:00,2062.3,2062.3,2062.3,2062.3,50,50,2100.22,2115.9,2181.05
260,2021-08-16 13:35:00,2062.3,2062.3,2062.3,2062.3,50,50,2100.22,2115.9,2181.05
261,2021-08-16 13:36:00,2062.3,2062.3,2062.3,2062.3,50,50,2100.22,2115.9,2181.05
262,2021-08-16 13:37:00,2062.3,2062.3,2062.3,2062.3,50,50,2100.22,2115.9,2181.05
263,2021-08-16 13:38:00,2062.3,2062.3,2062.3,2062.3,50,50,2100.22,2115.9,2181.05
264,2021-08-16 13:39:00,2062.3,2062.3,2062.3,2062.3,50,50,2100.22,2115.9,2181.05
265,2021-08-16 13:40:00,2062.3,2062.3,2062.3,2062.3,50,50,2100.22,2115.9,2181.05
266,2021-08-16 13:41:00,2062.3,2062.3,2062.3,2062.3,50,50,2100.22,2115.9,2181.05
267,2021-08-16 13:42:00,2062.3,2062.3,2062.3,2062.3,50,50,2100.22,2115.9,2181.05
268,2021-08-16 13:43:00,2062.3,2062.3,2062.3,2062.3,50,50,2100.22,2115.9,2181.05
269,2021-08-16 13:44:00,2062.3,2062.3,2062.3,2062.3,50,50,2100.22,2115.9,2181.05
270,2021-08-16 13:45:00,2062.3,2062.3,2062.3,2062.3,50,50,2100.22,2115.9,2181.05
271,2021-08-16 13:46:00,2062.3,2062.3,2062.3,2062.3,50,50,2100.22,2115.9,2181.05
272,2021-08-16 13:47:00,2062.3,2062.3,2062.3,2062.3,50,50,2100.22,2115.9,2181.05
273,2021-08-16 13:48:00,2062.3,2062.3,2062.3,2062.3,50,50,2100.22,2115.9,2181.05
274,2021-08-16 13:49:00,2062.3,2062.3,2062.3,2062.3,50,50,2100.22,2115.9,2181.05
275,2021-08-16 13:50:00,2062.3,2062.3,2062.3,2062.3,50,50,2100.22,2115.9,2181.05
276,2021-08-16 13:51:00,2062.3,2062.3,2062.3,2062.3,50,50,2100.22,2115.9,2181.05
277,2021-08-16 13:52:00,2062.3,2062.3,2062.3,2062.3,50,50,2100.22,2115.9,2181.05
278,2021-08-16 13:53:00,2062.3,2062.3,2062.3,2062.3,50,50,2100.22,2115.9,2181.05
279,2021-08-16 13:54:00,2062.3,2062.3,2062.3,2062.3,50,50,2100.22,2115.9,2181.05
280,2021-08-16 13:55:00,2062.3,2062.3,2062.3,2062.3,50,50,2100.22,2115.9,2181.05
281,2021-08-16 13:56:00,2062.3,2062.3,2062.3,2062.3,50,50,2100.22,2115.9,2181.05
282,2021-08-16 13:57:00,2062.3,2062.3,2062.3,2062.3,50,50,2100.22,2115.9,2181.05
283,2021-08-16 13:58:00,2062.3,2062.3,2062.3,2062.3,50,50,2100.22,2115.9,2181.05
284,2021-08-16 13:59:00,2062.3,2062.3,2062.3,2062.3,50,50,2100.22,2115.9,2181.05
285,2021-08-16 14:00:00,2062.3,2062.3,2062.3,2062.3,50,50,2100.22,2115.9,2181.05
286,2021-08-16 14:01:00,2062.3,2062.3,2062.3,2062.3,50,50,2100.22,2115.9,2181.05
287,2021-08-16 14:02:00,2062.3,2062.3,2062.3,2062.3,50,50,2100.22,2115.9,2181.05
288,2021-08-16 14:03:00,2062.3,2062.3,2062.3,2062.3,50,50,2100.22,2115.9,2181.05
289,2021-08-16 14:04:00,2062.3,2062.3,2062.3,2062.3,50,50,2100.22,2115.9,2181.05
290,2021-08-16 14:05:00,2062.3,2062.3,2062.3,2062.3,50,50,2100.22,2115.9,2181.05
291,2021-08-16 14:06:00,2062.3,2062.3,2062.3,2062.3,50,50,2100.22,2115.9,2181.05
292,2021-08-16 14:07:00,2062.3,2062.3,2062.3,2062.3,50,50,2100.22,2115.9,2181.05
293,2021-08-16 14:08:00,2062.3,2062.3,2062.3,2062.3,50,50,2100.22,2115.9,2181.05
294,2021-08-16 14:09:00,2062.3,2062.3,2062.3,2062.3,50,50,2100.22,2115.9,2181.05
295,2021-08-16 14:10:00,2062.3,2062.3,2062.3,2062.3,50,50,2100.22,2115.9,2181.05
296,2021-08-16 14:11:00,2062.3,2062.3,2062.3,2062.3,50,50,2100.22,2115.9,2181.05
297,2021-08-16 14:12:00,2062.3,2062.3,2062.3,2062.3,50,50,2100.22,2115.9,2181.05
298,2021-08-16 14:13:00,2062.3,2062.3,2062.3,2062.3,50,50,2100.22,2115.9,2181.05
299,2021-08-16 14:14:00,2062.3,2062.3,2062.3,2062.3,50,50,2100.22,2115.9,2181.05
300,2021-08-16 14:15:00,2062.3,2062.3,2062.3,2062.3,50,50,2100.22,2115.9,2181.05
301,2021-08-16 14:16:00,2062.3,2062.3,2062.3,2062.3,50,50,2100.22,2115.9,2181.05
302,2021-08-16 14:17:00,2062.3,2062.3,2062.3,2062.3,50,50,2100.22,2115.9,2181.05
303,2021-08-16 14:18:00,2062.3,2062.3,2062.3,2062.3,50,50,2100.22,2115.9,2181.05
304,2021-08-16 14:19:00,2062.3,2062.3,2062.3,2062.3,50,50,2100.22,2115.9,2181.05
305,2021-08-16 14:20:00,2062.3,2062.3,2062.3,2062.3,50,50,2100.22,2115.9,2181.05
306,2021-08-16 14:21:00,2062.3,2062.3,2062.3,2062.3,50,50,2100.22,2115.9,2181.05
307,2021-08-16 14:22:00,2062.3,2062.3,2062.3,2062.3,50,50,2100.22,2115.9,2181.05
308,2021-08-16 14:23:00,2062.3,2062.3,2062.3,2062.3,50,50,2100.22,2115.9,2181.05
309,2021-08-16 14:24:00,2062.3,2062.3,2062.3,2062.3,50,50,2100.22,2115.9,2181.05
310,2021-08-16 14:25:00,2062.3,2062.3,2062.3,2062.3,50,50,2100.22,2115.9,2181.05
311,2021-08-16 14:26:00,2062.3,2062.3,2062.3,2062.3,50,50,2100.22,2115.9,2181.05
312,2021-08-16 14:27:00,2062.3,2062.3,2062.3,2062.3,50,50,2100.22,2115.9,2181.05
313,2021-08-16 14:28:00,2062.3,2062.3,2062.3,2062.3,50,50,2100.22,2115.9,2181.05
314,2021-08-16 14:29:00,2062.3,2062.3,2062.3,2062.3,50,50,2100.22,2115.9,2181.05
315,2021-08-16 14:30:00,2062.3,2062.3,2062.3,2062.3,50,50,2100.22,2115.9,2181.05
316,2021-08-16 14:31:00,2062.3,2062.3,2062.3,2062.3,50,50,2100.22,2115.9,2181.05
317,2021-08-16 14:32:00,2062.3,2062.3,2062.3,2062.3,50,50,2100.22,2115.9,2181.05
318,2021-08-16 14:33:00,2062.3,2062.3,2062.3,2062.3,50,50,2100.22,2115.9,2181.05
319,2021-08-16 14:34:00,2062.3,2062.3,2062.3,2062.3,50,50,2100.22,2115.9,2181.05
320,2021-08-16 14:35:00,2062.3,2062.3,2062.3,2062.3,50,50,2100.22,2115.9,2181.05
321,2021-08-16 14:36:00,2062.3,2062.3,2062.3,2062.3,50,50,2100.22,2115.9,2181.05
322,2021-08-16 14:37:00,2062.3,2062.3,2062.3,2062.3,50,50,2100.22,2115.9,2181.05
323,2021-08-16 14:38:00,2062.3,2062.3,2062.3,2062.3,50,50,2100.22,2115.9,2181.05
324,2021-08-16 14:39:00,2062.3,2062.3,2062.3,2062.3,50,50,2100.22,2115.9,2181.05
325,2021-08-16 14:40:00,2062.3,2062.3,2062.3,2062.3,50,50,2100.22,2115.9,2181.05
326,2021-08-16 14:41:00,2062.3,2062.3,2062.3,2062.3,50,50,2100.22,2115.9,2181.05
327,2021-08-16 14:42:00,2062.3,2062.3,2062.3,2062.3,50,50,2100.22,2115.9,2181.05
328,2021-08-16 14:43:00,2062.3,2062.3,2062.3,2062.3,50,50,2100.22,2115.9,2181.05
329,2021-08-16 14:44:00,2062.3,2062.3,2062.3,2062.3,50,50,2100.22,2115.9,2181.05
330,2021-08-16 14:45:00,2062.3,2062.3,2062.3,2062.3,50,50,2100.22,2115.9,2181.05
331,2021-08-16 14:46:00,2062.3,2062.3,2062.3,2062.3,50,50,2100.22,2115.9,2181.05
332,2021-08-16 14:47:00,2062.3,2062.3,2062.3,2062.3,50,50,2100.22,2115.9,2181.05
333,2021-08-16 14:48:00,2062.3,2062.3,2062.3,2062.3,50,50,2100.22,2115.9,2181.05
334,2021-08-16 14:49:00,2062.3,2062.3,2062.3,2062.3,50,50,2100.22,2115.9,2181.05
335,2021-08-16 14:50:00,2062.3,2062.3,2062.3,2062.3,50,50,2100.22,2115.9,2181.05
336,2021-08-16 14:51:00,2062.3,2062.3,2062.3,2062.3,50,50,2100.22,2115.9,2181.05
337,2021-08-16 14:52:00,2062.3,2062.3,2062.3,2062.3,50,50,2100.22,2115.9,2181.05
338,2021-08-16 14:53:00,2062.3,2062.3,2062.3,2062.3,50,50,2100.22,2115.9,2181.05
339,2021-08-16 14:54:00,2062.3,2062.3,2062.3,2062.3,50,50,2100.22,2115.9,2181.05
340,2021-08-16 14:55:00,2062.3,2062.3,2062.3,2062.3,50,50,2100.22,2115.9,2181.05
341,2021-08-16 14:56:00,2062.3,2062.3,2062.3,2062.3,50,50,2100.22,2115.9,2181.05
342,2021-08-16 14:57:00,2062.3,2062.3,2062.3,2062.3,50,50,2100.22,2115.9,2181.05
343,2021-08-16 14:58:00,2062.3,2062.3,2062.3,2062.3,50,50,2100.22,2115.9,2181.05
344,2021-08-16 14:59:00,2062.3,2062.3,2062.3,2062.3,50,50,2100.22,2115.9,2181.05
345,2021-08-16 15:00:00,2062.3,2062.3,2062.3,2062.3,50,50,2100.22,2115.9,2181.05
346,2021-08-16 15:01:00,2062.3,2062.3,2062.3,2062.3,50,50,2100.22,2115.9,2181.05
347,2021-08-16 15:02:00,2062.3,2062.3,2062.3,2062.3,50,50,2100.22,2115.9,2181.05
348,2021-08-16 15:03:00,2062.3,2062.3,2062.3,2062.3,50,50,2100.22,2115.9,2181.05
349,2021-08-16 15:04:00,2062.3,2062.3,2062.3,2062.3,50,50,2100.22,2115.9,2181.05
350,2021-08-16 15:05:00,2062.3,2062.3,2062.3,2062.3,50,50,2100.22,2115.9,2181.05
351,2021-08-16 15:06:00,2062.3,2062.3,2062.3,2062.3,50,50,2100.22,2115.9,2181.05
352,2021-08-16 15:07:00,2062.3,2062.3,2062.3,2062.3,50,50,2100.22,2115.9,2181.05
353,2021-08-16 15:08:00,2062.3,2062.3,2062.3,2062.3,50,50,2100.22,2115.9,2181.05
354,2021-08-16 15:09:00,2062.3,2062.3,2062.3,2062.3,50,50,2100.22,2115.9,2181.05
355,2021-08-16 15:10:00,2062.3,2062.3,2062.3,2062.3,50,50,2100.22,2115.9,2181.05
356,2021-08-16 15:11:00,2062.3,2062.3,2062.3,2062.3,50,50,2100.22,2115.9,2181.05
357,2021-08-16 15:12:00,2062.3,2062.3,2062.3,2062.3,50,50,2100.22,2115.9,2181.05
358,2021-08-16 15:13:00,2062.3,2062.3,2062.3,2062.3,50,50,2100.22,2115.9,2181.05
359,2021-08-16 15:14:00,2062.3,2062.3,2062.3,2062.3,50,50,2100.22,2115.9,2181.05
360,2021-08-16 15:15:00,2062.3,2062.3,2062.3,2062.3,50,50,2100.22,2115.9,2181.05
361,2021-08-16 15:16:00,2062.3,2062.3,2062.3,2062.3,50,50,2100.22,2115.9,2181.05
362,2021-08-16 15:17:00,2062.3,2062.3,2062.3,2062.3,50,50,2100.22,2115.9,2181.05
363,2021-08-16 15:18:00,2062.3,2062.3,2062.3,2062.3,50,50,2100.22,2115.9,2181.05
364,2021-08-16 15:19:00,2062.3,2062.3,2062.3,2062.3,50,50,2100.22,2115.9,2181.05
365,2021-08-16 15:20:00,2062.3,2062.3,2062.3,2062.3,50,50,2100.22,2115.9,2181.05
366,2021-08-16 15:21:00,2062.3,2062.3,2062.3,2062.3,50,50,2100.22,2115.9,2181.05
367,2021-08-16 15:22:00,2062.3,2062.3,2062.3,2062.3,50,50,2100.22,2115.9,2181.05
368,2021-08-16 15:23:00,2062.3,2062.3,2062.3,2062.3,50,50,2100.22,2115.9,2181.05
369,2021-08-16 15:24:00,2062.3,2062.3,2062.3,2062.3,50,50,2100.22,2115.9,2181.05
370,2021-08-16 15:25:00,2062.3,2062.3,2062.3,2062.3,50,50,2100.22,2115.9,2181.05
371,2021-08-16 15:26:00,2062.3,2062.3,2062.3,2062.3,50,50,2100.22,2115.9,2181.05
372,2021-08-16 15:27:00,2062.3,2062.3,2062.3,2062.3,50,50,2100.22,2115.9,2181.05
373,2021-08-16 15:28:00,2062.3,2062.3,2062.3,2062.3,50,50,2100.22,2115.9,2181.05
374,2021-08-16 15:29:00,2062.3,2062.3,2062.3,2062.3,50,50,2100.22,2115.9,2181.05
375,2021-08-16 15:30:00,2062.3,2062.3,2062.3,2062.3,50,50,2100.22,2115.9,2181.05
376,2021-08-16 09:15:00,2062.3,2062.3,2062.3,2062.3,50,50,2100.22,2115.9,2181.05
377,2021-08-16 09:16:00,2062.3,2062.3,2062.3,2062.3,50,50,2100.22,2115.9,2181.05
378,2021-08-16 09:17:00,2062.3,2062.3,2062.3,2062.3,50,50,2100.22,2115.9,2181.05
379,2021-08-16 09:18:00,2062.3,2062.3,2062.3,2062.3,50,50,2100.22,2115.9,2181.05
380,2021-08-16 09:19:00,2062.3,2062.3,2062.3,2062.3,50,50,2100.22,2115.9,2181.05
381,2021-08-16 09:20:00,2062.3,2062.3,2062.3,2062.3,50,50,2100.22,2115.9,2181.05
382,2021-08-16 09:21:00,2062.3,2062.3,2062.3,2062.3,50,50,2100.22,2115.9,2181.05
383,2021-08-16 09:22:00,2062.3,2062.3,2062.3,2062.3,50,50,2100.22,2115.9,2181.05
384,2021-08-16 09:23:00,2062.3,2062.3,2062.3,2062.3,50,50,2100.22,2115.9,2181.05
385,2021-08-16 09:24:00,2062.3,2062.3,2062.3,2062.3,50,50,2100.22,2115.9,2181.05
386,2021-08-16 09:25:00,2062.3,2062.3,2062.3,2062.3,50,50,2100.22,2115.9,2181.05
387,2021-08-16 09:26:00,2062.3,2062.3,2062.3,2062.3,50,50,2100.22,2115.9,2181.05
388,2021-08-16 09:27:00,2062.3,2062.3,2062.3,2062.3,50,50,2100.22,2115.9,2181.05
389,2021-08-16 09:28:00,2062.3,2062.3,2062.3,2062.3,50,50,2100.22,2115.9,2181.05
390,2021-08-16 09:29:00,2062.3,2062.3,2062.3,2062.3,50,50,2100.22,2115.9,2181.05
391,2021-08-16 09:30:00,2062.3,2062.3,2062.3,2062.3,50,50,2100.22,2115.9,2181.05
392,2021-08-16 09:31:00,2062.3,2062.3,2062.3,2062.3,50,50,2100.22,2115.9,2181.05
393,2021-08-16 09:32:00,2062.3,2062.3,2062.3,2062.3,50,50,2100.22,2115.9,2181.05
394,2021-08-16 09:33:00,2062.3,2062.3,2062.3,2062.3,50,50,2100.22,2115.9,2181.05
395,2021-08-16 09:34:00,2062.3,2062.3,2062.3,2062.3,50,50,2100.22,2115.9,2181.05
396,2021-08-16 09:35:00,2062.3,2062.3,2062.3,2062.3,50,50,2100.22,2115.9,2181.05
397,2021-08-16 09:36:00,2062.3,2062.3,2062.3,2062.3,50,50,2100.22,2115.9,2181.05
398,2021-08-16 09:37:00,2062.3,2062.3,2062.3,2062.3,50,50,2100.22,2115.9,2181.05
399,2021-08-16 09:38:00,2062.3,2062.3,2062.3,2062.3,50,50,2100.22,2115.9,2181.05
400,2021-08-16 09:39:00,2062.3,2062.3,2062.3,2062.3,50,50,2100.22,2115.9,2181.05
401,2021-08-16 09:40:00,2062.3,2062.3,2062.3,2062.3,50,50,2100.22,2115.9,2181.05
402,2021-08-16 09:41:00,2062.3,2062.3,2062.3,2062.3,50,50,2100.22,2115.9,2181.05
403,2021-08-16 09:42:00,2062.3,2062.3,2062.3,2062.3,50,50,2100.22,2115.9,2181.05
404,2021-08-16 09:43:00,2062.3,2062.3,2062.3,2062.3,50,50,2100.22,2115.9,2181.05
405,2021-08-16 09:44:00,2062.3,2062.3,2062.3,2062.3,50,50,2100.22,2115.9,2181.05
406,2021-08-16 09:45:00,2062.3,2062.3,2062.3,2062.3,50,50,2100.22,2115.9,2181.05
407,2021-08-16 09:46:00,2062.3,2062.3,2062.3,2062.3,50,50,2100.22,2115.9,2181.05
408,2021-08-16 09:47:00,2062.3,2062.3,2062.3,2062.3,50,50,2100.22,2115.9,2181.05
409,2021-08-16 09:48:00,2062.3,2062.3,2062.3,2062.3,50,50,2100.22,2115.9,2181.05
410,2021-08-16 09:49:00,2062.3,2062.3,2062.3,2062.3,50,50,2100.22,2115.9,2181.05
411,2021-08-16 09:50:00,2062.3,2062.3,2062.3,2062.3,50,50,2100.22,2115.9,2181.05
412,2021-08-16 09:51:00,2062.3,2062.3,2062.3,2062.3,50,50,2100.22,2115.9,2181.05
413,2021-08-16 09:52:00,2062.3,2062.3,2062.3,2062.3,50,50,2100.22,2115.9,2181.05
414,2021-08-16 09:53:00,2062.3,2062.3,2062.3,2062.3,50,50,2100.22,2115.9,2181.05
415,2021-08-16 09:54:00,2062.3,2062.3,2062.3,2062.3,50,50,2100.22,2115.9,2181.05
416,2021-08-16 09:55:00,2062.3,2062.3,2062.3,2062.3,50,50,2100.22,2115.9,2181.05
417,2021-08-16 09:56:00,2062.3,2062.3,2062.3,2062.3,50,50,2100.22,2115.9,2181.05
418,2021-08-16 09:57:00,2062.3,2062.3,2062.3,2062.3,50,50,2100.22,2115.9,2181.05
419,2021-08-16 09:58:00,2062.3,2062.3,2062.3,2062.3,50,50,2100.22,2115.9,2181.05
420,2021-08-16 09:59:00,2062.3,2062.3,2062.3,2062.3,50,50,2100.22,2115.9,2181.05
421,2021-08-16 10:00:00,2062.3,2062.3,2062.3,2062.3,50,50,2100.22,2115.9,2181.05
422,2021-08-16 10:01:00,2062.3,2062.3,2062.3,2062.3,50,50,2100.22,2115.9,2181.05
423,2021-08-16 10:02:00,2062.3,2062.3,2062.3,2062.3,50,50,2100.22,2115.9,2181.05
424,2021-08-16 10:03:00,2062.3,2062.3,2062.3,2062.3,50,50,2100.22,2115.9,2181.05
425,2021-08-16 10:04:00,2062.3,2062.3,2062.3,2062.3,50,50,2100.22,2115.9,2181.05
426,2021-08-16 10:05:00,2062.3,2062.3,2062.3,2062.3,50,50,2100.22,2115.9,2181.05
427,2021-08-16 10:06:00,2062.3,2062.3,2062.3,2062.3,50,50,2100.22,2115.9,2181.05
428,2021-08-16 10:07:00,2062.3,2062.3,2062.3,2062.3,50,50,2100.22,2115.9,2181.05
429,2021-08-16 10:08:00,2062.3,2062.3,2062.3,2062.3,50,50,2100.22,2115.9,2181.05
430,2021-08-16 10:09:00,2062.3,2062.3,2062.3,2062.3,50,50,2100.22,2115.9,2181.05
431,2021-08-16 10:10:00,2062.3,2062.3,2062.3,2062.3,50,50,2100.22,2115.9,2181.05
432,2021-08-16 10:11:00,2062.3,2062.3,2062.3,2062.3,50,50,2100.22,2115.9,2181.05
433,2021-08-16 10:12:00,2062.3,2062.3,2062.3,2062.3,50,50,2100.22,2115.9,2181.05
434,2021-08-16 10:13:00,2062.3,2062.3,2062.3,2062.3,50,50,2100.22,2115.9,2181.05
435,2021-08-16 10:14:00,2062.3,2062.3,2062.3,2062.3,50,50,2100.22,2115.9,2181.05
436,2021-08-16 10:15:00,2062.3,2062.3,2062.3,2062.3,50,50,2100.22,2115.9,2181.05
437,2021-08-16 10:16:00,2062.3,2062.3,2062.3,2062.3,50,50,2100.22,2115.9,2181.05
438,2021-08-16 10:17:00,2062.3,2062.3,2062.3,2062.3,50,50,2100.22,2115.9,2181.05
439,2021-08-16 10:18:00,2062.3,2062.3,2062.3,2062.3,50,50,2100.22,2115.9,2181.05
440,2021-08-16 10:19:00,2062.3,2062.3,2062.3,2062.3,50,50,2100.22,2115.9,2181.05
441,2021-08-16 10:20:00,2062.3,2062.3,2062.3,2062.3,50,50,2100.22,2115.9,2181.05
442,2021-08-16 10:21:00,2062.3,2062.3,2062.3,2062.3,50,50,2100.22,2115.9,2181.05
443,2021-08-16 10:22:00,2062.3,2062.3,2062.3,2062.3,50,50,2100.22,2115.9,2181.05
444,2021-08-16 10:23:00,2062.3,2062.3,2062.3,2062.3,50,50,2100.22,2115.9,2181.05
445,2021-08-16 10:24:00,2062.3,2062.3,2062.3,2062.3,50,50,2100.22,2115.9,2181.05
446,2021-08-16 10:25:00,2062.3,2062.3,2062.3,2062.3,50,50,2100.22,2115.9,2181.05
447,2021-08-16 10:26:00,2062.3,2062.3,2062.3,2062.3,50,50,2100.22,2115.9,2181.05
448,2021-08-16 10:27:00,2062.3,2062.3,2062.3,2062.3,50,50,2100.22,2115.9,2181.05
449,2021-08-16 10:28:00,2062.3,2062.3,2062.3,2062.3,50,50,2100.22,2115.9,2181.05
450,2021-08-16 10:29:00,2062.3,2062.3,2062.3,2062.3,50,50,2100.22,2115.9,2181.05
451,2021-08-16 10:30:00,2062.3,2062.3,2062.3,2062.3,50,50,2100.22,2115.9,2181.05
452,2021-08-16 10:31:00,2062.3,2062.3,2062.3,2062.3,50,50,2100.22,2115.9,2181.05
453,2021-08-16 10:32:00,2062.3,2062.3,2062.3,2062.3,50,50,2100.22,2115.9,2181.05
454,2021-08-16 10:33:00,2062.3,2062.3,2062.3,2062.3,50,50,2100.22,2115.9,2181.05
455,2021-08-16 10:34:00,2062.3,2062.3,2062.3,2062.3,50,50,2100.22,2115.9,2181.05
456,2021-08-16 10:35:00,2062.3,2062.3,2062.3,2062.3,50,50,2100.22,2115.9,2181.05
457,2021-08-16 10:36:00,2062.3,2062.3,2062.3,2062.3,50,50,2100.22,2115.9,2181.05
458,2021-08-16 10:37:00,2062.3,2062.3,2062.3,2062.3,50,50,2100.22,2115.9,2181.05
459,2021-08-16 10:38:00,2062.3,2062.3,2062.3,2062.3,50,50,2100.22,2115.9,2181.05
460,2021-08-16 10:39:00,2062.3,2062.3,2062.3,2062.3,50,50,2100.22,2115.9,2181.05
461,2021-08-16 10:40:00,2062.3,2062.3,2062.3,2062.3,50,50,2100.22,2115.9,2181.05
462,2021-08-16 10:41:00,2062.3,2062.3,2062.3,2062.3,50,50,2100.22,2115.9,2181.05
463,2021-08-16 10:42:00,2062.3,2062.3,2062.3,2062.3,50,50,2100.22,2115.9,2181.05
464,2021-08-16 10:43:00,2062.3,2062.3,2062.3,2062.3,50,50,2100.22,2115.9,2181.05
465,2021-08-16 10:44:00,2062.3,2062.3,2062.3,2062.3,50,50,2100.22,2115.9,2181.05
466,2021-08-16 10:45:00,2062.3,2062.3,2062.3,2062.3,50,50,2100.22,2115.9,2181.05
467,2021-08-16 10:46:00,2138.15,2138.15,2138.15,2138.15,50,0,2138.15,2061.2,2138.2
468,2021-08-16 10:47:00,2138.15,2138.15,2138.15,2138.15,50,0,2138.15,2061.2,2138.2
469,2021-08-16 10:48:00,2062.3,2062.3,2062.3,2062.3,50,50,2100.22,2115.9,2181.05
470,2021-08-16 10:49:00,2062.3,2062.3,2062.3,2062.3,50,50,2100.22,2115.9,2181.05
471,2021-08-16 10:50:00,2062.3,2062.3,2062.3,2062.3,50,50,2100.22,2115.9,2181.05
472,2021-08-16 10:51:00,2062.3,2062.3,2062.3,2062.3,50,50,2100.22,2115.9,2181.05
473,2021-08-16 10:52:00,2062.3,2062.3,2062.3,2062.3,50,50,2100.22,2115.9,2181.05
474,2021-08-16 10:53:00,2062.3,2062.3,2062.3,2062.3,50,50,2100.22,2115.9,2181.05
475,2021-08-16 10:54:00,2062.3,2062.3,2062.3,2062.3,50,50,2100.22,2115.9,2181.05
476,2021-08-16 10:55:00,2062.3,2062.3,2062.3,2062.3,50,50,2100.22,2115.9,2181.05
477,2021-08-16 10:56:00,2062.3,2062.3,2062.3,2062.3,50,50,2100.22,2115.9,2181.05
478,2021-08-16 10:57:00,2062.3,2062.3,2062.3,2062.3,50,50,2100.22,2115.9,2181.05
479,2021-08-16 10:58:00,2062.3,2062.3,2062.3,2062.3,50,50,2100.22,2115.9,2181.05
480,2021-08-16 10:59:00,2062.3,2062.3,2062.3,2062.3,50,50,2100.22,2115.9,2181.05
481,2021-08-16 11:00:00,2062.3,2062.3,2062.3,2062.3,50,50,2100.22,2115.9,2181.05
482,2021-08-16 11:01:00,2062.3,2062.3,2062.3,2062.3,50,50,2100.22,2115.9,2181.05
483,2021-08-16 11:02:00,2062.3,2062.3,2062.3,2062.3,50,50,2100.22,2115.9,2181.05
484,2021-08-16 11:03:00,2062.3,2062.3,2062.3,2062.3,50,50,2100.22,2115.9,2181.05
485,2021-08-16 11:04:00,2062.3,2062.3,2062.3,2062.3,50,50,2100.22,2115.9,2181.05
486,2021-08-16 11:05:00,2062.3,2062.3,2062.3,2062.3,50,50,2100.22,2115.9,2181.05
487,2021-08-16 11:06:00,2062.3,2062.3,2062.3,2062.3,50,50,2100.22,2115.9,2181.05
488,2021-08-16 11:07:00,2062.3,2062.3,2062.3,2062.3,50,50,2100.22,2115.9,2181.05
489,2021-08-16 11:08:00,2062.3,2062.3,2062.3,2062.3,50,50,2100.22,2115.9,2181.05
490,2021-08-16 11:09:00,2062.3,2062.3,2062.3,2062.3,50,50,2100.22,2115.9,2181.05
491,2021-08-16 11:10:00,2062.3,2062.3,2062.3,2062.3,50,50,2100.22,2115.9,2181.05
492,2021-08-16 11:11:00,2062.3,2062.3,2062.3,2062.3,50,50,2100.22,2115.9,2181.05
493,2021-08-16 11:12:00,2062.3,2062.3,2062.3,2062.3,50,50,2100.22,2115.9,2181.05
494,2021-08-16 11:13:00,2062.3,2062.3,2062.3,2062.3,50,50,2100.22,2115.9,2181.05
495,2021-08-16 11:14:00,2062.3,2062.3,2062.3,2062.3,50,50,2100.22,2115.9,2181.05
496,2021-08-16 11:15:00,2062.3,2062.3,2062.3,2062.3,50,50,2100.22,2115.9,2181.05
497,2021-08-16 11:16:00,2062.3,2062.3,2062.3,2062.3,50,50,2100.22,2115.9,2181.05
498,2021-08-16 11:17:00,2062.3,2062.3,2062.3,2062.3,50,50,2100.22,2115.9,2181.05
499,2021-08-16 11:18:00,2062.3,2062.3,2062.3,2062.3,50,50,2100.22,2115.9,2181.05
500,2021-08-16 11:19:00,2062.3,2062.3,2062.3,2062.3,50,50,2100.22,2115.9,2181.05
501,2021-08-16 11:20:00,2062.3,2062.3,2062.3,2062.3,50,50,2100.22,2115.9,2181.05
502,2021-08-16 11:21:00,2062.3,2062.3,2062.3,2062.3,50,50,2100.22,2115.9,2181.05
503,2021-08-16 11:22:00,2062.3,2062.3,2062.3,2062.3,50,50,2100.22,2115.9,2181.05
504,2021-08-16 11:23:00,2062.3,2062.3,2062.3,2062.3,50,50,2100.22,2115.9,2181.05
505,2021-08-16 11:24:00,2062.3,2062.3,2062.3,2062.3,50,50,2100.22,2115.9,2181.05
506,2021-08-16 11:25:00,2062.3,2062.3,2062.3,2062.3,50,50,2100.22,2115.9,2181.05
507,2021-08-16 11:26:00,2062.3,2062.3,2062.3,2062.3,50,50,2100.22,2115.9,2181.05
508,2021-08-16 11:27:00,2062.3,2062.3,2062.3,2062.3,50,50,2100.22,2115.9,2181.05
509,2021-08-16 11:28:00,2062.3,2062.3,2062.3,2062.3,50,50,2100.22,2115.9,2181.05
510,2021-08-16 11:29:00,2062.3,2062.3,2062.3,2062.3,50,50,2100.22,2115.9,2181.05
511,2021-08-16 11:30:00,2062.3,2062.3,2062.3,2062.3,50,50,2100.22,2115.9,2181.05
512,2021-08-16 11:31:00,2062.3,2062.3,2062.3,2062.3,50,50,2100.22,2115.9,2181.05
513,2021-08-16 11:32:00,2062.3,2062.3,2062.3,2062.3,50,50,2100.22,2115.9,2181.05
514,2021-08-16 11:33:00,2062.3,2062.3,2062.3,2062.3,50,50,2100.22,2115.9,2181.05
515,2021-08-16 11:34:00,2062.3,2062.3,2062.3,2062.3,50,50,2100.22,2115.9,2181.05
516,2021-08-16 11:35:00,2062.3,2062.3,2062.3,2062.3,50,50,2100.22,2115.9,2181.05
517,2021-08-16 11:36:00,2062.3,2062.3,2062.3,2062.3,50,50,2100.22,2115.9,2181.05
518,2021-08-16 11:37:00,2062.3,2062.3,2062.3,2062.3,50,50,2100.22,2115.9,2181.05
519,2021-08-16 11:38:00,2062.3,2062.3,2062.3,2062.3,50,50,2100.22,2115.9,2181.05
520,2021-08-16 11:39:00,2062.3,2062.3,2062.3,2062.3,50,50,2100.22,2115.9,2181.05
521,2021-08-16 11:40:00,2062.3,2062.3,2062.3,2062.3,50,50,2100.22,2115.9,2181.05
522,2021-08-16 11:41:00,2062.3,2062.3,2062.3,2062.3,50,50,2100.22,2115.9,2181.05
523,2021-08-16 11:42:00,2062.3,2062.3,2062.3,2062.3,50,50,2100.22,2115.9,2181.05
524,2021-08-16 11:43:00,2062.3,2062.3,2062.3,2062.3,50,50,2100.22,2115.9,2181.05
525,2021-08-16 11:44:00,2062.3,2062.3,2062.3,2062.3,50,50,2100.22,2115.9,2181.05
526,2021-08-16 11:45:00,2062.3,2062.3,2062.3,2062.3,50,50,2100.22,2115.9,2181.05
527,2021-08-16 11:46:00,2062.3,2062.3,2062.3,2062.3,50,50,2100.22,2115.9,2181.05
528,2021-08-16 11:47:00,2062.3,2062.3,2062.3,2062.3,50,50,2100.22,2115.9,2181.05
529,2021-08-16 11:48:00,2062.3,2062.3,2062.3,2062.3,50,50,2100.22,2115.9,2181.05
530,2021-08-16 11:49:00,2062.3,2062.3,2062.3,2062.3,50,50,2100.22,2115.9,2181.05
531,2021-08-16 11:50:00,2062.3,2062.3,2062.3,2062.3,50,50,2100.22,2115.9,2181.05
532,2021-08-16 11:51:00,2062.3,2062.3,2062.3,2062.3,50,50,2100.22,2115.9,2181.05
533,2021-08-16 11:52:00,2062.3,2062.3,2062.3,2062.3,50,50,2100.22,2115.9,2181.05
534,2021-08-16 11:53:00,2062.3,2062.3,2062.3,2062.3,50,50,2100.22,2115.9,2181.05
535,2021-08-16 11:54:00,2062.3,2062.3,2062.3,2062.3,50,50,2100.22,2115.9,2181.05
536,2021-08-16 11:55:00,2062.3,2062.3,2062.3,2062.3,50,50,2100.22,2115.9,2181.05
537,2021-08-16 11:56:00,2062.3,2062.3,2062.3,2062.3,50,50,2100.22,2115.9,2181.05
538,2021-08-16 11:57:00,2062.3,2062.3,2062.3,2062.3,50,50,2100.22,2115.9,2181.05
539,2021-08-16 11:58:00,2062.3,2062.3,2062.3,2062.3,50,50,2100.22,2115.9,2181.05
540,2021-08-16 11:59:00,2062.3,2062.3,2062.3,2062.3,50,50,2100.22,2115.9,2181.05
541,2021-08-16 12:00:00,2062.3,2062.3,2062.3,2062.3,50,50,2100.22,2115.9,2181.05
542,2021-08-16 12:01:00,2062.3,2062.3,2062.3,2062.3,50,50,2100.22,2115.9,2181.05
543,2021-08-16 12:02:00,2062.3,2062.3,2062.3,2062.3,50,50,2100.22,2115.9,2181.05
544,2021-08-16 12:03:00,2062.3,2062.3,2062.3,2062.3,50,50,2100.22,2115.9,2181.05
545,2021-08-16 12:04:00,2062.3,2062.3,2062.3,2062.3,50,50,2100.22,2115.9,2181.05
546,2021-08-16 12:05:00,2062.3,2062.3,2062.3,2062.3,50,50,2100.22,2115.9,2181.05
547,2021-08-16 12:06:00,2062.3,2062.3,2062.3,2062.3,50,50,2100.22,2115.9,2181.05
548,2021-08-16 12:07:00,2062.3,2062.3,2062.3,2062.3,50,50,2100.22,2115.9,2181.05
549,2021-08-16 12:08:00,2062.3,2062.3,2062.3,2062.3,50,50,2100.22,2115.9,2181.05
550,2021-08-16 12:09:00,2062.3,2062.3,2062.3,2062.3,50,50,2100.22,2115.9,2181.05
551,2021-08-16 12:10:00,2062.3,2062.3,2062.3,2062.3,50,50,2100.22,2115.9,2181.05
552,2021-08-16 12:11:00,2062.3,2062.3,2062.3,2062.3,50,50,2100.22,2115.9,2181.05
553,2021-08-16 12:12:00,2062.3,2062.3,2062.3,2062.3,50,50,2100.22,2115.9,2181.05
554,2021-08-16 12:13:00,2062.3,2062.3,2062.3,2062.3,50,50,2100.22,2115.9,2181.05
555,2021-08-16 12:14:00,2062.3,2062.3,2062.3,2062.3,50,50,2100.22,2115.9,2181.05
556,2021-08-16 12:15:00,2062.3,2062.3,2062.3,2062.3,50,50,2100.22,2115.9,2181.05
557,2021-08-16 12:16:00,2062.3,2062.3,2062.3,2062.3,50,50,2100.22,2115.9,2181.05
558,2021-08-16 12:17:00,2062.3,2062.3,2062.3,2062.3,50,50,2100.22,2115.9,2181.05
559,2021-08-16 12:18:00,2062.3,2062.3,2062.3,2062.3,50,50,2100.22,2115.9,2181.05
560,2021-08-16 12:19:00,2062.3,2062.3,2062.3,2062.3,50,50,2100.22,2115.9,2181.05
561,2021-08-16 12:20:00,2062.3,2062.3,2062.3,2062.3,50,50,2100.22,2115.9,2181.05
562,2021-08-16 12:21:00,2062.3,2062.3,2062.3,2062.3,50,50,2100.22,2115.9,2181.05
563,2021-08-16 12:22:00,2062.3,2062.3,2062.3,2062.3,50,50,2100.22,2115.9,2181.05
564,2021-08-16 12:23:00,2062.3,2062.3,2062.3,2062.3,50,50,2100.22,2115.9,2181.05
565,2021-08-16 12:24:00,2062.3,2062.3,2062.3,2062.3,50,50,2100.22,2115.9,2181.05
566,2021-08-16 12:25:00,2062.3,2062.3,2062.3,2062.3,50,50,2100.22,2115.9,2181.05
567,2021-08-16 12:26:00,2062.3,2062.3,2062.3,2062.3,50,50,2100.22,2115.9,2181.05
568,2021-08-16 12:27:00,2062.3,2062.3,2062.3,2062.3,50,50,2100.22,2115.9,2181.05
569,2021-08-16 12:28:00,2062.3,2062.3,2062.3,2062.3,50,50,2100.22,2115.9,2181.05
570,2021-08-16 12:29:00,2062.3,2062.3,2062.3,2062.3,50,50,2100.22,2115.9,2181.05
571,2021-08-16 12:30:00,2062.3,2062.3,2062.3,2062.3,50,50,2100.22,2115.9,2181.05
572,2021-08-16 12:31:00,2062.3,2062.3,2062.3,2062.3,50,50,2100.22,2115.9,2181.05
573,2021-08-16 12:32:00,2062.3,2062.3,2062.3,2062.3,50,50,2100.22,2115.9,2181.05
574,2021-08-16 12:33:00,2062.3,2062.3,2062.3,2062.3,50,50,2100.22,2115.9,2181.05
575,2021-08-16 12:34:00,2062.3,2062.3,2062.3,2062.3,50,50,2100.22,2115.9,2181.05
576,2021-08-16 12:35:00,2062.3,2062.3,2062.3,2062.3,50,50,2100.22,2115.9,2181.05
577,2021-08-16 12:36:00,2062.3,2062.3,2062.3,2062.3,50,50,2100.22,2115.9,2181.05
578,2021-08-16 12:37:00,2062.3,2062.3,2062.3,2062.3,50,50,2100.22,2115.9,2181.05
579,2021-08-16 12:38:00,2062.3,2062.3,2062.3,2062.3,50,50,2100.22,2115.9,2181.05
580,2021-08-16 12:39:00,2062.3,2062.3,2062.3,2062.3,50,50,2100.22,2115.9,2181.05
581,2021-08-16 12:40:00,2062.3,2062.3,2062.3,2062.3,50,50,2100.22,2115.9,2181.05
582,2021-08-16 12:41:00,2062.3,2062.3,2062.3,2062.3,50,50,2100.22,2115.9,2181.05
583,2021-08-16 12:42:00,2062.3,2062.3,2062.3,2062.3,50,50,2100.22,2115.9,2181.05
584,2021-08-16 12:43:00,2062.3,2062.3,2062.3,2062.3,50,50,2100.22,2115.9,2181.05
585,2021-08-16 12:44:00,2062.3,2062.3,2062.3,2062.3,50,50,2100.22,2115.9,2181.05
586,2021-08-16 12:45:00,2062.3,2062.3,2062.3,2062.3,50,50,2100.22,2115.9,2181.05
587,2021-08-16 12:46:00,2062.3,2062.3,2062.3,2062.3,50,50,2100.22,2115.9,2181.05
588,2021-08-16 12:47:00,2062.3,2062.3,2062.3,2062.3,50,50,2100.22,2115.9,2181.05
589,2021-08-16 12:48:00,2062.3,2062.3,2062.3,2062.3,50,50,2100.22,2115.9,2181.05
590,2021-08-16 12:49:00,2062.3,2062.3,2062.3,2062.3,50,50,2100.22,2115.9,2181.05
591,2021-08-16 12:50:00,2062.3,2062.3,2062.3,2062.3,50,50,2100.22,2115.9,2181.05
592,2021-08-16 12:51:00,2062.3,2062.3,2062.3,2062.3,50,50,2100.22,2115.9,2181.05
593,2021-08-16 12:52:00,2062.3,2062.3,2062.3,2062.3,50,50,2100.22,2115.9,2181.05
594,2021-08-16 12:53:00,2062.3,2062.3,2062.3,2062.3,50,50,2100.22,2115.9,2181.05
595,2021-08-16 12:54:00,2062.3,2062.3,2062.3,2062.3,50,50,2100.22,2115.9,2181.05
596,2021-08-16 12:55:00,2062.3,2062.3,2062.3,2062.3,50,50,2100.22,2115.9,2181.05
597,2021-08-16 12:56:00,2062.3,2062.3,2062.3,2062.3,50,50,2100.22,2115.9,2181.05
598,2021-08-16 12:57:00,2062.3,2062.3,2062.3,2062.3,50,50,2100.22,2115.9,2181.05
599,2021-08-16 12:58:00,2062.3,2062.3,2062.3,2062.3,50,50,2100.22,2115.9,2181.05
600,2021-08-16 12:59:00,2062.3,2062.3,2062.3,2062.3,50,50,2100.22,2115.9,2181.05
601,2021-08-16 13:00:00,2062.3,2062.3,2062.3,2062.3,50,50,2100.22,2115.9,2181.05
602,2021-08-16 13:01:00,2062.3,2062.3,2062.3,2062.3,50,50,2100.22,2115.9,2181.05
603,2021-08-16 13:02:00,2062.3,2062.3,2062.3,2062.3,50,50,2100.22,2115.9,2181.05
604,2021-08-16 13:03:00,2062.3,2062.3,2062.3,2062.3,50,50,2100.22,2115.9,2181.05
605,2021-08-16 13:04:00,2062.3,2062.3,2062.3,2062.3,50,50,2100.22,2115.9,2181.05
606,2021-08-16 13:05:00,2062.3,2062.3,2062.3,2062.3,50,50,2100.22,2115.9,2181.05
607,2021-08-16 13:06:00,2062.3,2062.3,2062.3,2062.3,50,50,2100.22,2115.9,2181.05
608,2021-08-16 13:07:00,2062.3,2062.3,2062.3,2062.3,50,50,2100.22,2115.9,2181.05
609,2021-08-16 13:08:00,2062.3,2062.3,2062.3,2062.3,50,50,2100.22,2115.9,2181.05
610,2021-08-16 13:09:00,2062.3,2062.3,2062.3,2062.3,50,50,2100.22,2115.9,2181.05
611,2021-08-16 13:10:00,2062.3,2062.3,2062.3,2062.3,50,50,2100.22,2115.9,2181.05
612,2021-08-16 13:11:00,2062.3,2062.3,2062.3,2062.3,50,50,2100.22,2115.9,2181.05
613,2021-08-16 13:12:00,2062.3,2062.3,2062.3,2062.3,50,50,2100.22,2115.9,2181.05
614,2021-08-16 13:13:00,2062.3,2062.3,2062.3,2062.3,50,50,2100.22,2115.9,2181.05
615,2021-08-16 13:14:00,2062.3,2062.3,2062.3,2062.3,50,50,2100.22,2115.9,2181.05
616,2021-08-16 13:15:00,2062.3,2062.3,2062.3,2062.3,50,50,2100.22,2115.9,2181.05
617,2021-08-16 13:16:00,2062.3,2062.3,2062.3,2062.3,50,50,2100.22,2115.9,2181.05
618,2021-08-16 13:17:00,2062.3,2062.3,2062.3,2062.3,50,50,2100.22,2115.9,2181.05
619,2021-08-16 13:18:00,2062.3,2062.3,2062.3,2062.3,50,50,2100.22,2115.9,2181.05
620,2021-08-16 13:19:00,2062.3,2062.3,2062.3,2062.3,50,50,2100.22,2115.9,2181.05
621,2021-08-16 13:20:00,2062.3,2062.3,2062.3,2062.3,50,50,2100.22,2115.9,2181.05
622,2021-08-16 13:21:00,2062.3,2062.3,2062.3,2062.3,50,50,2100.22,2115.9,2181.05
623,2021-08-16 13:22:00,2062.3,2062.3,2062.3,2062.3,50,50,2100.22,2115.9,2181.05
624,2021-08-16 13:23:00,2062.3,2062.3,2062.3,2062.3,50,50,2100.22,2115.9,2181.05
625,2021-08-16 13:24:00,2062.3,2062.3,2062.3,2062.3,50,50,2100.22,2115.9,2181.05
626,2021-08-16 13:25:00,2062.3,2062.3,2062.3,2062.3,50,50,2100.22,2115.9,2181.05
627,2021-08-16 13:26:00,2062.3,2062.3,2062.3,2062.3,50,50,2100.22,2115.9,2181.05
628,2021-08-16 13:27:00,2062.3,2062.3,2062.3,2062.3,50,50,2100.22,2115.9,2181.05
629,2021-08-16 13:28:00,2062.3,2062.3,2062.3,2062.3,50,50,2100.22,2115.9,2181.05
630,2021-08-16 13:29:00,2062.3,2062.3,2062.3,2062.3,50,50,2100.22,2115.9,2181.05
631,2021-08-16 13:30:00,2062.3,2062.3,2062.3,2062.3,50,50,2100.22,2115.9,2181.05
632,2021-08-16 13:31:00,2062.3,2062.3,2062.3,2062.3,50,50,2100.22,2115.9,2181.05
633,2021-08-16 13:32:00,2062.3,2062.3,2062.3,2062.3,50,50,2100.22,2115.9,2181.05
634,2021-08-16 13:33:00,2062.3,2062.3,2062.3,2062.3,50,50,2100.22,2115.9,2181.05
635,2021-08-16 13:34:00,2062.3,2062.3,2062.3,2062.3,50,50,2100.22,2115.9,2181.05
636,2021-08-16 13:35:00,2062.3,2062.3,2062.3,2062.3,50,50,2100.22,2115.9,2181.05
637,2021-08-16 13:36:00,2062.3,2062.3,2062.3,2062.3,50,50,2100.22,2115.9,2181.05
638,2021-08-16 13:37:00,2062.3,2062.3,2062.3,2062.3,50,50,2100.22,2115.9,2181.05
639,2021-08-16 13:38:00,2062.3,2062.3,2062.3,2062.3,50,50,2100.22,2115.9,2181.05
640,2021-08-16 13:39:00,2062.3,2062.3,2062.3,2062.3,50,50,2100.22,2115.9,2181.05
641,2021-08-16 13:40:00,2062.3,2062.3,2062.3,2062.3,50,50,2100.22,2115.9,2181.05
642,2021-08-16 13:41:00,2062.3,2062.3,2062.3,2062.3,50,50,2100.22,2115.9,2181.05
643,2021-08-16 13:42:00,2062.3,2062.3,2062.3,2062.3,50,50,2100.22,2115.9,2181.05
644,2021-08-16 13:43:00,2062.3,2062.3,2062.3,2062.3,50,50,2100.22,2115.9,2181.05
645,2021-08-16 13:44:00,2062.3,2062.3,2062.3,2062.3,50,50,2100.22,2115.9,2181.05
646,2021-08-16 13:45:00,2062.3,2062.3,2062.3,2062.3,50,50,2100.22,2115.9,2181.05
647,2021-08-16 13:46:00,2062.3,2062.3,2062.3,2062.3,50,50,2100.22,2115.9,2181.05
648,2021-08-16 13:47:00,2062.3,2062.3,2062.3,2062.3,50,50,2100.22,2115.9,2181.05
649,2021-08-16 13:48:00,2062.3,2062.3,2062.3,2062.3,50,50,2100.22,2115.9,2181.05
650,2021-08-16 13:49:00,2062.3,2062.3,2062.3,2062.3,50,50,2100.22,2115.9,2181.05
651,2021-08-16 13:50:00,2062.3,2062.3,2062.3,2062.3,50,50,2100.22,2115.9,2181.05
652,2021-08-16 13:51:00,2062.3,2062.3,2062.3,2062.3,50,50,2100.22,2115.9,2181.05
653,2021-08-16 13:52:00,2062.3,2062.3,2062.3,2062.3,50,50,2100.22,2115.9,2181.05
654,2021-08-16 13:53:00,2062.3,2062.3,2062.3,2062.3,50,50,2100.22,2115.9,2181.05
655,2021-08-16 13:54:00,2062.3,2062.3,2062.3,2062.3,50,50,2100.22,2115.9,2181.05
656,2021-08-16 13:55:00,2062.3,2062.3,2062.3,2062.3,50,50,2100.22,2115.9,2181.05
657,2021-08-16 13:56:00,2062.3,2062.3,2062.3,2062.3,50,50,2100.22,2115.9,2181.05
658,2021-08-16 13:57:00,2062.3,2062.3,2062.3,2062.3,50,50,2100.22,2115.9,2181.05
659,2021-08-16 13:58:00,2062.3,2062.3,2062.3,2062.3,50,50,2100.22,2115.9,2181.05
660,2021-08-16 13:59:00,2062.3,2062.3,2062.3,2062.3,50,50,2100.22,2115.9,2181.05
661,2021-08-16 14:00:00,2062.3,2062.3,2062.3,2062.3,50,50,2100.22,2115.9,2181.05
662,2021-08-16 14:01:00,2062.3,2062.3,2062.3,2062.3,50,50,2100.22,2115.9,2181.05
663,2021-08-16 14:02:00,2062.3,2062.3,2062.3,2062.3,50,50,2100.22,2115.9,2181.05
664,2021-08-16 14:03:00,2062.3,2062.3,2062.3,2062.3,50,50,2100.22,2115.9,2181.05
665,2021-08-16 14:04:00,2062.3,2062.3,2062.3,2062.3,50,50,2100.22,2115.9,2181.05
666,2021-08-16 14:05:00,2062.3,2062.3,2062.3,2062.3,50,50,2100.22,2115.9,2181.05
667,2021-08-16 14:06:00,2062.3,2062.3,2062.3,2062.3,50,50,2100.22,2115.9,2181.05
668,2021-08-16 14:07:00,2062.3,2062.3,2062.3,2062.3,50,50,2100.22,2115.9,2181.05
669,2021-08-16 14:08:00,2062.3,2062.3,2062.3,2062.3,50,50,2100.22,2115.9,2181.05
670,2021-08-16 14:09:00,2062.3,2062.3,2062.3,2062.3,50,50,2100.22,2115.9,2181.05
671,2021-08-16 14:10:00,2062.3,2062.3,2062.3,2062.3,50,50,2100.22,2115.9,2181.05
672,2021-08-16 14:11:00,2062.3,2062.3,2062.3,2062.3,50,50,2100.22,2115.9,2181.05
673,2021-08-16 14:12:00,2062.3,2062.3,2062.3,2062.3,50,50,2100.22,2115.9,2181.05
674,2021-08-16 14:13:00,2062.3,2062.3,2062.3,2062.3,50,50,2100.22,2115.9,2181.05
675,2021-08-16 14:14:00,2062.3,2062.3,2062.3,2062.3,50,50,2100.22,2115.9,2181.05
676,2021-08-16 14:15:00,2062.3,2062.3,2062.3,2062.3,50,50,2100.22,2115.9,2181.05
677,2021-08-16 14:16:00,2062.3,2062.3,2062.3,2062.3,50,50,2100.22,2115.9,2181.05
678,2021-08-16 14:17:00,2062.3,2062.3,2062.3,2062.3,50,50,2100.22,2115.9,2181.05
679,2021-08-16 14:18:00,2062.3,2062.3,2062.3,2062.3,50,50,2100.22,2115.9,2181.05
680,2021-08-16 14:19:00,2062.3,2062.3,2062.3,2062.3,50,50,2100.22,2115.9,2181.05
681,2021-08-16 14:20:00,2062.3,2062.3,2062.3,2062.3,50,50,2100.22,2115.9,2181.05
682,2021-08-16 14:21:00,2062.3,2062.3,2062.3,2062.3,50,50,2100.22,2115.9,2181.05
683,2021-08-16 14:22:00,2062.3,2062.3,2062.3,2062.3,50,50,2100.22,2115.9,2181.05
684,2021-08-16 14:23:00,2062.3,2062.3,2062.3,2062.3,50,50,2100.22,2115.9,2181.05
685,2021-08-16 14:24:00,2062.3,2062.3,2062.3,2062.3,50,50,2100.22,2115.9,2181.05
686,2021-08-16 14:25:00,2062.3,2062.3,2062.3,2062.3,50,50,2100.22,2115.9,2181.05
687,2021-08-16 14:26:00,2062.3,2062.3,2062.3,2062.3,50,50,2100.22,2115.9,2181.05
688,2021-08-16 14:27:00,2062.3,2062.3,2062.3,2062.3,50,50,2100.22,2115.9,2181.05
689,2021-08-16 14:28:00,2062.3,2062.3,2062.3,2062.3,50,50,2100.22,2115.9,2181.05
690,2021-08-16 14:29:00,2062.3,2062.3,2062.3,2062.3,50,50,2100.22,2115.9,2181.05
691,2021-08-16 14:30:00,2062.3,2062.3,2062.3,2062.3,50,50,2100.22,2115.9,2181.05
692,2021-08-16 14:31:00,2062.3,2062.3,2062.3,2062.3,50,50,2100.22,2115.9,2181.05
693,2021-08-16 14:32:00,2062.3,2062.3,2062.3,2062.3,50,50,2100.22,2115.9,2181.05
694,2021-08-16 14:33:00,2062.3,2062.3,2062.3,2062.3,50,50,2100.22,2115.9,2181.05
695,2021-08-16 14:34:00,2062.3,2062.3,2062.3,2062.3,50,50,2100.22,2115.9,2181.05
696,2021-08-16 14:35:00,2062.3,2062.3,2062.3,2062.3,50,50,2100.22,2115.9,2181.05
697,2021-08-16 14:36:00,2062.3,2062.3,2062.3,2062.3,50,50,2100.22,2115.9,2181.05
698,2021-08-16 14:37:00,2062.3,2062.3,2062.3,2062.3,50,50,2100.22,2115.9,2181.05
699,2021-08-16 14:38:00,2062.3,2062.3,2062.3,2062.3,50,50,2100.22,2115.9,2181.05
700,2021-08-16 14:39:00,2062.3,2062.3,2062.3,2062.3,50,50,2100.22,2115.9,2181.05
701,2021-08-16 14:40:00,2062.3,2062.3,2062.3,2062.3,50,50,2100.22,2115.9,2181.05
702,2021-08-16 14:41:00,2062.3,2062.3,2062.3,2062.3,50,50,2100.22,2115.9,2181.05
703,2021-08-16 14:42:00,2062.3,2062.3,2062.3,2062.3,50,50,2100.22,2115.9,2181.05
704,2021-08-16 14:43:00,2062.3,2062.3,2062.3,2062.3,50,50,2100.22,2115.9,2181.05
705,2021-08-16 14:44:00,2062.3,2062.3,2062.3,2062.3,50,50,2100.22,2115.9,2181.05
706,2021-08-16 14:45:00,2062.3,2062.3,2062.3,2062.3,50,50,2100.22,2115.9,2181.05
707,2021-08-16 14:46:00,2062.3,2062.3,2062.3,2062.3,50,50,2100.22,2115.9,2181.05
708,2021-08-16 14:47:00,2062.3,2062.3,2062.3,2062.3,50,50,2100.22,2115.9,2181.05
709,2021-08-16 14:48:00,2062.3,2062.3,2062.3,2062.3,50,50,2100.22,2115.9,2181.05
710,2021-08-16 14:49:00,2062.3,2062.3,2062.3,2062.3,50,50,2100.22,2115.9,2181.05
711,2021-08-16 14:50:00,2062.3,2062.3,2062.3,2062.3,50,50,2100.22,2115.9,2181.05
712,2021-08-16 14:51:00,2062.3,2062.3,2062.3,2062.3,50,50,2100.22,2115.9,2181.05
713,2021-08-16 14:52:00,2062.3,2062.3,2062.3,2062.3,50,50,2100.22,2115.9,2181.05
714,2021-08-16 14:53:00,2062.3,2062.3,2062.3,2062.3,50,50,2100.22,2115.9,2181.05
715,2021-08-16 14:54:00,2062.3,2062.3,2062.3,2062.3,50,50,2100.22,2115.9,2181.05
716,2021-08-16 14:55:00,2062.3,2062.3,2062.3,2062.3,50,50,2100.22,2115.9,2181.05
717,2021-08-16 14:56:00,2062.3,2062.3,2062.3,2062.3,50,50,2100.22,2115.9,2181.05
718,2021-08-16 14:57:00,2062.3,2062.3,2062.3,2062.3,50,50,2100.22,2115.9,2181.05
719,2021-08-16 14:58:00,2062.3,2062.3,2062.3,2062.3,50,50,2100.22,2115.9,2181.05
720,2021-08-16 14:59:00,2062.3,2062.3,2062.3,2062.3,50,50,2100.22,2115.9,2181.05
721,2021-08-16 15:00:00,2062.3,2062.3,2062.3,2062.3,50,50,2100.22,2115.9,2181.05
722,2021-08-16 15:01:00,2062.3,2062.3,2062.3,2062.3,50,50,2100.22,2115.9,2181.05
723,2021-08-16 15:02:00,2062.3,2062.3,2062.3,2062.3,50,50,2100.22,2115.9,2181.05
724,2021-08-16 15:03:00,2062.3,2062.3,2062.3,2062.3,50,50,2100.22,2115.9,2181.05
725,2021-08-16 15:04:00,2062.3,2062.3,2062.3,2062.3,50,50,2100.22,2115.9,2181.05
726,2021-08-16 15:05:00,2062.3,2062.3,2062.3,2062.3,50,50,2100.22,2115.9,2181.05
727,2021-08-16 15:06:00,2062.3,2062.3,2062.3,2062.3,50,50,2100.22,2115.9,2181.05
728,2021-08-16 15:07:00,2062.3,2062.3,2062.3,2062.3,50,50,2100.22,2115.9,2181.05
729,2021-08-16 15:08:00,2062.3,2062.3,2062.3,2062.3,50,50,2100.22,2115.9,2181.05
730,2021-08-16 15:09:00,2062.3,2062.3,2062.3,2062.3,50,50,2100.22,2115.9,2181.05
731,2021-08-16 15:10:00,2062.3,2062.3,2062.3,2062.3,50,50,2100.22,2115.9,2181.05
732,2021-08-16 15:11:00,2062.3,2062.3,2062.3,2062.3,50,50,2100.22,2115.9,2181.05
733,2021-08-16 15:12:00,2062.3,2062.3,2062.3,2062.3,50,50,2100.22,2115.9,2181.05
734,2021-08-16 15:13:00,2062.3,2062.3,2062.3,2062.3,50,50,2100.22,2115.9,2181.05
735,2021-08-16 15:14:00,2062.3,2062.3,2062.3,2062.3,50,50,2100.22,2115.9,2181.05
736,2021-08-16 15:15:00,2062.3,2062.3,2062.3,2062.3,50,50,2100.22,2115.9,2181.05
737,2021-08-16 15:16:00,2062.3,2062.3,2062.3,2062.3,50,50,2100.22,2115.9,2181.05
738,2021-08-16 15:17:00,2062.3,2062.3,2062.3,2062.3,50,50,2100.22,2115.9,2181.05
739,2021-08-16 15:18:00,2062.3,2062.3,2062.3,2062.3,50,50,2100.22,2115.9,2181.05
740,2021-08-16 15:19:00,2062.3,2062.3,2062.3,2062.3,50,50,2100.22,2115.9,2181.05
741,2021-08-16 15:20:00,2062.3,2062.3,2062.3,2062.3,50,50,2100.22,2115.9,2181.05
742,2021-08-16 15:21:00,2062.3,2062.3,2062.3,2062.3,50,50,2100.22,2115.9,2181.05
743,2021-08-16 15:22:00,2062.3,2062.3,2062.3,2062.3,50,50,2100.22,2115.9,2181.05
744,2021-08-16 15:23:00,2062.3,2062.3,2062.3,2062.3,50,50,2100.22,2115.9,2181.05
745,2021-08-16 15:24:00,2062.3,2062.3,2062.3,2062.3,50,50,2100.22,2115.9,2181.05
746,2021-08-16 15:25:00,2062.3,2062.3,2062.3,2062.3,50,50,2100.22,2115.9,2181.05
747,2021-08-16 15:26:00,2062.3,2062.3,2062.3,2062.3,50,50,2100.22,2115.9,2181.05
748,2021-08-16 15:27:00,2062.3,2062.3,2062.3,2062.3,50,50,2100.22,2115.9,2181.05
749,2021-08-16 15:28:00,2062.3,2062.3,2062.3,2062.3,50,50,2100.22,2115.9,2181.05
750,2021-08-16 15:29:00,2062.3,2062.3,2062.3,2062.3,50,50,2100.22,2115.9,2181.05
751,2021-08-16 15:30:00,2062.3,2062.3,2062.3,2062.3,50,50,2100.22,2115.9,2181.05
