,date,open,high,low,close,volume,oi
0,2022-05-26 14:11:00+05:30,1.85,1.85,1.85,1.85,0,0
1,2022-05-26 14:12:00+05:30,1.85,1.85,1.85,1.85,0,0
2,2022-05-26 14:13:00+05:30,1.85,1.85,1.85,1.85,0,0
3,2022-05-26 14:14:00+05:30,1.85,1.85,1.85,1.85,0,0
4,2022-05-26 14:15:00+05:30,1.85,1.85,1.85,1.85,0,0
5,2022-05-26 14:16:00+05:30,1.85,1.85,1.85,1.85,0,0
6,2022-05-26 14:17:00+05:30,1.85,1.85,1.85,1.85,0,0
7,2022-05-26 14:18:00+05:30,1.85,1.85,1.85,1.85,0,0
8,2022-05-26 14:19:00+05:30,1.85,1.85,1.85,1.85,0,0
9,2022-05-26 14:20:00+05:30,1.85,1.85,1.85,1.85,0,0
10,2022-05-26 14:21:00+05:30,1.85,1.85,1.85,1.85,0,0
11,2022-05-26 14:22:00+05:30,1.85,1.85,1.85,1.85,0,0
12,2022-05-26 14:23:00+05:30,1.85,1.85,1.85,1.85,0,0
13,2022-05-26 14:24:00+05:30,1.85,1.85,1.85,1.85,0,0
14,2022-05-26 14:25:00+05:30,1.85,1.85,1.85,1.85,0,0
15,2022-05-26 14:26:00+05:30,1.85,1.85,1.85,1.85,0,0
16,2022-05-26 14:27:00+05:30,1.85,1.85,1.85,1.85,0,0
17,2022-05-26 14:28:00+05:30,1.85,1.85,1.85,1.85,0,0
18,2022-05-26 14:30:00+05:30,1.85,1.85,1.85,1.85,0,0
19,2022-05-26 14:31:00+05:30,1.85,1.85,1.85,1.85,0,0
20,2022-05-26 14:32:00+05:30,1.85,1.85,1.85,1.85,0,0
21,2022-05-26 14:33:00+05:30,1.85,1.85,1.85,1.85,0,0
22,2022-05-26 14:34:00+05:30,1.85,1.85,1.85,1.85,0,0
23,2022-05-26 14:36:00+05:30,1.85,1.85,1.85,1.85,0,0
24,2022-05-26 14:37:00+05:30,1.85,1.85,1.85,1.85,0,0
25,2022-05-26 14:38:00+05:30,1.85,1.85,1.85,1.85,0,0
26,2022-05-26 14:40:00+05:30,1.85,1.85,1.85,1.85,0,0
27,2022-05-26 14:41:00+05:30,1.85,1.85,1.85,1.85,0,0
28,2022-05-26 14:43:00+05:30,1.85,1.85,1.85,1.85,0,0
29,2022-05-26 14:44:00+05:30,1.85,1.85,1.85,1.85,0,0
30,2022-05-26 14:45:00+05:30,1.85,1.85,1.85,1.85,0,0
31,2022-05-26 14:49:00+05:30,1.85,1.85,1.85,1.85,0,0
32,2022-05-26 14:50:00+05:30,1.85,1.85,1.85,1.85,0,0
33,2022-05-26 14:51:00+05:30,1.85,1.85,1.85,1.85,0,0
34,2022-05-26 14:52:00+05:30,1.85,1.85,1.85,1.85,0,0
35,2022-05-26 14:53:00+05:30,1.85,1.85,1.85,1.85,0,0
36,2022-05-26 14:55:00+05:30,1.85,1.85,1.85,1.85,0,0
37,2022-05-26 14:57:00+05:30,1.85,1.85,1.85,1.85,0,0
38,2022-05-26 14:58:00+05:30,1.85,1.85,1.85,1.85,0,0
39,2022-05-26 15:00:00+05:30,1.85,1.85,1.05,1.05,900,150
40,2022-05-26 15:01:00+05:30,1.05,1.05,1.05,1.05,0,150
41,2022-05-26 15:02:00+05:30,1.05,1.05,1.05,1.05,0,150
42,2022-05-26 15:03:00+05:30,1.05,1.05,1.05,1.05,0,150
43,2022-05-26 15:04:00+05:30,1.05,1.05,1.05,1.05,0,150
44,2022-05-26 15:05:00+05:30,1.05,1.05,1.05,1.05,0,150
45,2022-05-26 15:06:00+05:30,1.05,1.05,1.05,1.05,0,150
46,2022-05-26 15:07:00+05:30,1.05,1.05,1.05,1.05,0,150
47,2022-05-26 15:08:00+05:30,1.05,1.05,1.05,1.05,0,150
48,2022-05-26 15:09:00+05:30,1.05,1.05,1.05,1.05,0,150
49,2022-05-26 15:10:00+05:30,1.05,1.05,1.05,1.05,0,150
50,2022-05-26 15:12:00+05:30,1.05,1.05,1.05,1.05,0,150
51,2022-05-26 15:13:00+05:30,1.05,1.05,1.05,1.05,0,150
52,2022-05-26 15:14:00+05:30,1.05,1.05,1.05,1.05,0,150
53,2022-05-26 15:16:00+05:30,1.05,1.05,1.05,1.05,0,150
54,2022-05-26 15:17:00+05:30,1.05,1.05,1.05,1.05,0,150
55,2022-05-26 15:18:00+05:30,1.05,1.05,1.05,1.05,0,150
56,2022-05-26 15:19:00+05:30,1.05,1.05,1.05,1.05,0,150
57,2022-05-26 15:20:00+05:30,1.05,1.05,1.05,1.05,0,150
58,2022-05-26 15:21:00+05:30,1.05,1.05,1.05,1.05,0,150
59,2022-05-26 15:22:00+05:30,1.05,1.05,1.05,1.05,0,150
60,2022-05-26 15:23:00+05:30,1.05,1.05,1.05,1.05,0,150
61,2022-05-26 15:24:00+05:30,1.05,1.05,1.05,1.05,0,150
62,2022-05-26 15:25:00+05:30,1.05,1.05,1.05,1.05,0,150
63,2022-05-26 15:26:00+05:30,1.05,1.05,1.0,1.0,50,1050
64,2022-05-26 15:27:00+05:30,1.0,1.0,1.0,1.0,0,1050
65,2022-05-26 15:28:00+05:30,1.0,1.0,1.0,1.0,0,1050
66,2022-05-26 15:29:00+05:30,1.0,1.0,1.0,1.0,0,1050
67,2022-05-27 09:15:00+05:30,1.05,1.6,1.0,1.0,6350,1100
68,2022-05-27 09:16:00+05:30,1.0,1.1,0.95,1.05,2050,1100
69,2022-05-27 09:17:00+05:30,1.05,1.05,1.0,1.0,2250,7050
70,2022-05-27 09:18:00+05:30,1.0,1.0,1.0,1.0,250,7050
71,2022-05-27 09:19:00+05:30,1.0,1.0,0.95,0.95,4150,7050
72,2022-05-27 09:20:00+05:30,0.95,0.95,0.95,0.95,200,13000
73,2022-05-27 09:21:00+05:30,0.95,0.95,0.9,0.9,4250,13000
74,2022-05-27 09:22:00+05:30,0.9,0.9,0.85,0.85,0,13000
75,2022-05-27 09:23:00+05:30,0.85,0.85,0.85,0.85,900,17900
76,2022-05-27 09:24:00+05:30,0.85,0.85,0.8,0.8,50,17900
77,2022-05-27 09:25:00+05:30,0.8,0.8,0.8,0.8,0,17900
78,2022-05-27 09:26:00+05:30,0.8,0.8,0.8,0.8,0,17900
79,2022-05-27 09:27:00+05:30,0.8,0.8,0.8,0.8,550,17900
80,2022-05-27 09:28:00+05:30,0.8,0.8,0.8,0.8,800,17900
81,2022-05-27 09:29:00+05:30,0.8,0.8,0.8,0.8,0,17900
82,2022-05-27 09:30:00+05:30,0.8,0.8,0.8,0.8,50,16550
83,2022-05-27 09:31:00+05:30,0.8,0.8,0.8,0.8,50,16550
84,2022-05-27 09:32:00+05:30,0.8,0.8,0.8,0.8,0,16550
85,2022-05-27 09:33:00+05:30,0.8,0.8,0.8,0.8,0,16550
86,2022-05-27 09:34:00+05:30,0.8,0.8,0.8,0.8,0,16550
87,2022-05-27 09:35:00+05:30,0.8,0.8,0.8,0.8,0,16550
88,2022-05-27 09:36:00+05:30,0.8,0.8,0.8,0.8,0,16550
89,2022-05-27 09:37:00+05:30,0.8,0.8,0.8,0.8,0,16550
90,2022-05-27 09:38:00+05:30,0.8,0.8,0.8,0.8,4600,16450
91,2022-05-27 09:39:00+05:30,0.8,0.8,0.8,0.8,1300,16450
92,2022-05-27 09:40:00+05:30,0.8,0.8,0.75,0.75,50,16450
93,2022-05-27 09:41:00+05:30,0.75,0.75,0.75,0.75,50,18650
94,2022-05-27 09:42:00+05:30,0.75,0.75,0.75,0.75,0,18650
95,2022-05-27 09:43:00+05:30,0.75,0.75,0.75,0.75,0,18650
96,2022-05-27 09:44:00+05:30,0.75,0.75,0.75,0.75,0,18650
97,2022-05-27 09:45:00+05:30,0.75,0.75,0.75,0.75,0,18650
98,2022-05-27 09:46:00+05:30,0.75,0.75,0.75,0.75,0,18650
99,2022-05-27 09:47:00+05:30,0.75,0.75,0.75,0.75,0,18650
100,2022-05-27 09:48:00+05:30,0.75,0.75,0.75,0.75,0,18650
101,2022-05-27 09:49:00+05:30,0.75,0.75,0.75,0.75,0,18650
102,2022-05-27 09:50:00+05:30,0.75,0.75,0.75,0.75,0,18650
103,2022-05-27 09:51:00+05:30,0.75,0.75,0.75,0.75,0,18650
104,2022-05-27 09:52:00+05:30,0.75,0.75,0.75,0.75,0,18650
105,2022-05-27 09:53:00+05:30,0.75,0.8,0.75,0.75,100,20650
106,2022-05-27 09:54:00+05:30,0.75,0.75,0.75,0.75,0,20650
107,2022-05-27 09:55:00+05:30,0.75,0.75,0.75,0.75,0,20650
108,2022-05-27 09:56:00+05:30,0.75,0.75,0.75,0.75,0,20650
109,2022-05-27 09:57:00+05:30,0.75,0.75,0.75,0.75,0,20650
110,2022-05-27 09:58:00+05:30,0.75,0.75,0.75,0.75,0,20650
111,2022-05-27 09:59:00+05:30,0.75,0.75,0.75,0.75,0,20650
112,2022-05-27 10:00:00+05:30,0.75,0.75,0.75,0.75,0,20650
113,2022-05-27 10:01:00+05:30,0.75,0.75,0.75,0.75,0,20650
114,2022-05-27 10:02:00+05:30,0.75,0.75,0.75,0.75,0,20650
115,2022-05-27 10:03:00+05:30,0.75,0.75,0.75,0.75,0,20650
116,2022-05-27 10:04:00+05:30,0.75,0.75,0.75,0.75,0,20650
117,2022-05-27 10:05:00+05:30,0.75,0.75,0.75,0.75,0,20650
118,2022-05-27 10:06:00+05:30,0.75,0.75,0.75,0.75,0,20650
119,2022-05-27 10:07:00+05:30,0.75,0.8,0.75,0.8,50,20250
120,2022-05-27 10:08:00+05:30,0.8,0.8,0.8,0.8,0,20250
121,2022-05-27 10:09:00+05:30,0.8,0.8,0.75,0.75,2000,20300
122,2022-05-27 10:10:00+05:30,0.75,0.75,0.75,0.75,0,20300
123,2022-05-27 10:11:00+05:30,0.75,0.75,0.75,0.75,0,20300
124,2022-05-27 10:12:00+05:30,0.75,0.75,0.75,0.75,0,20300
125,2022-05-27 10:13:00+05:30,0.75,0.75,0.75,0.75,0,20300
126,2022-05-27 10:14:00+05:30,0.75,0.75,0.75,0.75,0,20300
127,2022-05-27 10:15:00+05:30,0.75,0.75,0.75,0.75,0,20300
128,2022-05-27 10:16:00+05:30,0.75,0.75,0.75,0.75,0,20300
129,2022-05-27 10:17:00+05:30,0.75,0.75,0.75,0.75,0,20300
130,2022-05-27 10:18:00+05:30,0.75,0.75,0.75,0.75,0,20300
131,2022-05-27 10:19:00+05:30,0.75,0.75,0.75,0.75,0,20300
132,2022-05-27 10:20:00+05:30,0.75,0.75,0.75,0.75,0,20300
133,2022-05-27 10:21:00+05:30,0.75,0.8,0.75,0.8,50,20300
134,2022-05-27 10:22:00+05:30,0.8,0.8,0.8,0.8,0,20300
135,2022-05-27 10:23:00+05:30,0.8,0.8,0.8,0.8,0,20300
136,2022-05-27 10:24:00+05:30,0.8,0.8,0.8,0.8,0,20300
137,2022-05-27 10:25:00+05:30,0.8,0.8,0.8,0.8,0,20300
138,2022-05-27 10:26:00+05:30,0.8,0.8,0.8,0.8,0,20300
139,2022-05-27 10:27:00+05:30,0.8,0.8,0.8,0.8,0,20300
140,2022-05-27 10:28:00+05:30,0.8,0.8,0.8,0.8,0,20300
141,2022-05-27 10:29:00+05:30,0.8,0.8,0.8,0.8,0,20300
142,2022-05-27 10:30:00+05:30,0.8,0.8,0.8,0.8,0,20300
143,2022-05-27 10:31:00+05:30,0.8,0.8,0.8,0.8,0,20300
144,2022-05-27 10:32:00+05:30,0.8,0.8,0.8,0.8,100,20350
145,2022-05-27 10:33:00+05:30,0.8,0.8,0.8,0.8,0,20350
146,2022-05-27 10:34:00+05:30,0.8,0.8,0.8,0.8,0,20350
147,2022-05-27 10:35:00+05:30,0.8,0.8,0.8,0.8,0,20350
148,2022-05-27 10:36:00+05:30,0.8,0.8,0.8,0.8,0,20350
149,2022-05-27 10:37:00+05:30,0.8,0.8,0.8,0.8,0,20350
150,2022-05-27 10:38:00+05:30,0.8,0.8,0.8,0.8,0,20350
151,2022-05-27 10:39:00+05:30,0.8,0.8,0.8,0.8,0,20350
152,2022-05-27 10:40:00+05:30,0.8,0.8,0.8,0.8,0,20350
153,2022-05-27 10:41:00+05:30,0.8,0.8,0.8,0.8,0,20350
154,2022-05-27 10:42:00+05:30,0.8,0.8,0.8,0.8,0,20350
155,2022-05-27 10:43:00+05:30,0.8,0.8,0.8,0.8,0,20350
156,2022-05-27 10:44:00+05:30,0.8,0.8,0.8,0.8,0,20350
157,2022-05-27 10:45:00+05:30,0.8,0.8,0.8,0.8,0,20350
158,2022-05-27 10:46:00+05:30,0.75,0.75,0.75,0.75,850,20450
159,2022-05-27 10:47:00+05:30,0.75,0.75,0.75,0.75,1050,20450
160,2022-05-27 10:48:00+05:30,0.75,0.75,0.75,0.75,0,20450
161,2022-05-27 10:49:00+05:30,0.75,0.75,0.7,0.7,350,20750
162,2022-05-27 10:50:00+05:30,0.7,0.7,0.7,0.7,0,20750
163,2022-05-27 10:51:00+05:30,0.7,0.75,0.7,0.7,2900,20750
164,2022-05-27 10:52:00+05:30,0.7,0.7,0.7,0.7,0,20750
165,2022-05-27 10:53:00+05:30,0.7,0.7,0.7,0.7,0,20750
166,2022-05-27 10:54:00+05:30,0.7,0.7,0.7,0.7,0,20750
167,2022-05-27 10:55:00+05:30,0.7,0.7,0.7,0.7,0,20750
168,2022-05-27 10:56:00+05:30,0.7,0.7,0.7,0.7,0,20750
169,2022-05-27 10:57:00+05:30,0.7,0.7,0.7,0.7,0,20750
170,2022-05-27 10:58:00+05:30,0.7,0.7,0.7,0.7,0,20750
171,2022-05-27 10:59:00+05:30,0.7,0.7,0.7,0.7,0,20750
172,2022-05-27 11:00:00+05:30,0.7,0.7,0.7,0.7,100,20750
173,2022-05-27 11:01:00+05:30,0.7,0.7,0.7,0.7,0,20750
174,2022-05-27 11:02:00+05:30,0.7,0.7,0.7,0.7,0,20750
175,2022-05-27 11:03:00+05:30,0.7,0.7,0.7,0.7,0,20750
176,2022-05-27 11:04:00+05:30,0.7,0.7,0.7,0.7,0,20750
177,2022-05-27 11:05:00+05:30,0.7,0.7,0.7,0.7,0,20750
178,2022-05-27 11:06:00+05:30,0.7,0.7,0.7,0.7,0,20750
179,2022-05-27 11:07:00+05:30,0.7,0.7,0.7,0.7,0,20750
180,2022-05-27 11:08:00+05:30,0.7,0.7,0.7,0.7,0,20750
181,2022-05-27 11:09:00+05:30,0.7,0.7,0.7,0.7,0,20750
182,2022-05-27 11:10:00+05:30,0.7,0.7,0.7,0.7,0,20750
183,2022-05-27 11:11:00+05:30,0.7,0.7,0.7,0.7,0,20750
184,2022-05-27 11:12:00+05:30,0.7,0.7,0.7,0.7,0,20750
185,2022-05-27 11:13:00+05:30,0.7,0.7,0.7,0.7,0,20750
186,2022-05-27 11:14:00+05:30,0.7,0.7,0.7,0.7,0,20750
187,2022-05-27 11:15:00+05:30,0.7,0.7,0.7,0.7,0,20750
188,2022-05-27 11:16:00+05:30,0.7,0.7,0.7,0.7,0,20750
189,2022-05-27 11:17:00+05:30,0.7,0.7,0.7,0.7,0,20750
190,2022-05-27 11:18:00+05:30,0.7,0.75,0.7,0.75,0,20750
191,2022-05-27 11:19:00+05:30,0.75,0.75,0.75,0.75,50,20750
192,2022-05-27 11:20:00+05:30,0.75,0.75,0.75,0.75,0,20750
193,2022-05-27 11:21:00+05:30,0.75,0.75,0.75,0.75,0,20750
194,2022-05-27 11:22:00+05:30,0.75,0.8,0.75,0.75,4800,19600
195,2022-05-27 11:23:00+05:30,0.75,0.75,0.7,0.7,400,19600
196,2022-05-27 11:24:00+05:30,0.7,0.7,0.7,0.7,0,19600
197,2022-05-27 11:25:00+05:30,0.7,0.7,0.7,0.7,0,19600
198,2022-05-27 11:26:00+05:30,0.7,0.7,0.7,0.7,100,23900
199,2022-05-27 11:27:00+05:30,0.7,0.7,0.7,0.7,0,23900
200,2022-05-27 11:28:00+05:30,0.7,0.7,0.7,0.7,0,23900
201,2022-05-27 11:29:00+05:30,0.7,0.7,0.7,0.7,0,23900
202,2022-05-27 11:30:00+05:30,0.7,0.7,0.7,0.7,0,23900
203,2022-05-27 11:31:00+05:30,0.7,0.7,0.7,0.7,0,23900
204,2022-05-27 11:32:00+05:30,0.7,0.7,0.7,0.7,0,23900
205,2022-05-27 11:33:00+05:30,0.7,0.7,0.7,0.7,0,23900
206,2022-05-27 11:34:00+05:30,0.7,0.7,0.7,0.7,0,23900
207,2022-05-27 11:35:00+05:30,0.7,0.7,0.7,0.7,50,23900
208,2022-05-27 11:36:00+05:30,0.7,0.7,0.7,0.7,0,23900
209,2022-05-27 11:37:00+05:30,0.7,0.7,0.7,0.7,0,23900
210,2022-05-27 11:38:00+05:30,0.7,0.7,0.7,0.7,750,23900
211,2022-05-27 11:39:00+05:30,0.7,0.7,0.7,0.7,0,23900
212,2022-05-27 11:40:00+05:30,0.7,0.7,0.7,0.7,0,23900
213,2022-05-27 11:41:00+05:30,0.7,0.7,0.7,0.7,0,23900
214,2022-05-27 11:42:00+05:30,0.7,0.7,0.7,0.7,0,23900
215,2022-05-27 11:43:00+05:30,0.7,0.7,0.7,0.7,0,23900
216,2022-05-27 11:45:00+05:30,0.7,0.7,0.7,0.7,0,23900
217,2022-05-27 11:46:00+05:30,0.7,0.7,0.7,0.7,0,23900
218,2022-05-27 11:47:00+05:30,0.7,0.7,0.7,0.7,0,23900
219,2022-05-27 11:49:00+05:30,0.7,0.7,0.7,0.7,0,23900
220,2022-05-27 11:50:00+05:30,0.7,0.7,0.7,0.7,0,23900
221,2022-05-27 11:51:00+05:30,0.7,0.7,0.7,0.7,0,23900
222,2022-05-27 11:52:00+05:30,0.7,0.7,0.7,0.7,0,23900
223,2022-05-27 11:53:00+05:30,0.7,0.7,0.7,0.7,0,23900
224,2022-05-27 11:54:00+05:30,0.7,0.7,0.7,0.7,0,23900
225,2022-05-27 11:55:00+05:30,0.7,0.7,0.7,0.7,0,23900
226,2022-05-27 11:56:00+05:30,0.7,0.7,0.7,0.7,0,23900
227,2022-05-27 11:57:00+05:30,0.7,0.7,0.7,0.7,0,23900
228,2022-05-27 11:58:00+05:30,0.7,0.7,0.7,0.7,0,23900
229,2022-05-27 12:00:00+05:30,0.7,0.7,0.7,0.7,0,23900
230,2022-05-27 12:01:00+05:30,0.7,0.7,0.7,0.7,0,23900
231,2022-05-27 12:02:00+05:30,0.7,0.7,0.7,0.7,0,23900
232,2022-05-27 12:03:00+05:30,0.7,0.7,0.7,0.7,0,23900
233,2022-05-27 12:04:00+05:30,0.7,0.7,0.7,0.7,0,23900
234,2022-05-27 12:07:00+05:30,0.7,0.7,0.7,0.7,0,23900
235,2022-05-27 12:09:00+05:30,0.7,0.7,0.7,0.7,0,23900
236,2022-05-27 12:10:00+05:30,0.7,0.7,0.7,0.7,0,23900
237,2022-05-27 12:11:00+05:30,0.7,0.7,0.7,0.7,0,23900
238,2022-05-27 12:12:00+05:30,0.7,0.7,0.7,0.7,0,23900
239,2022-05-27 12:13:00+05:30,0.7,0.7,0.7,0.7,0,23900
240,2022-05-27 12:14:00+05:30,0.7,0.7,0.7,0.7,0,23900
241,2022-05-27 12:15:00+05:30,0.7,0.7,0.7,0.7,0,23900
242,2022-05-27 12:16:00+05:30,0.7,0.7,0.7,0.7,0,23900
243,2022-05-27 12:17:00+05:30,0.7,0.7,0.7,0.7,0,23900
244,2022-05-27 12:18:00+05:30,0.7,0.7,0.7,0.7,0,23900
245,2022-05-27 12:19:00+05:30,0.7,0.7,0.7,0.7,0,23900
246,2022-05-27 12:20:00+05:30,0.7,0.7,0.7,0.7,200,23900
247,2022-05-27 12:21:00+05:30,0.7,0.7,0.7,0.7,0,23900
248,2022-05-27 12:22:00+05:30,0.7,0.7,0.7,0.7,0,23900
249,2022-05-27 12:24:00+05:30,0.7,0.7,0.7,0.7,0,23900
250,2022-05-27 12:26:00+05:30,0.7,0.7,0.7,0.7,0,23900
251,2022-05-27 12:27:00+05:30,0.7,0.7,0.7,0.7,0,23900
252,2022-05-27 12:28:00+05:30,0.7,0.7,0.7,0.7,0,23900
253,2022-05-27 12:29:00+05:30,0.7,0.7,0.7,0.7,15000,23900
254,2022-05-27 12:30:00+05:30,0.7,0.7,0.7,0.7,4500,38800
255,2022-05-27 12:31:00+05:30,0.7,0.75,0.7,0.75,50,38800
256,2022-05-27 12:32:00+05:30,0.75,0.75,0.75,0.75,0,38800
257,2022-05-27 12:33:00+05:30,0.75,0.75,0.75,0.75,0,38800
258,2022-05-27 12:34:00+05:30,0.75,0.75,0.75,0.75,0,38800
259,2022-05-27 12:35:00+05:30,0.75,0.75,0.75,0.75,50,34300
260,2022-05-27 12:36:00+05:30,0.75,0.75,0.75,0.75,0,34300
261,2022-05-27 12:37:00+05:30,0.75,0.75,0.75,0.75,0,34300
262,2022-05-27 12:38:00+05:30,0.75,0.75,0.75,0.75,0,34300
263,2022-05-27 12:39:00+05:30,0.75,0.75,0.75,0.75,0,34300
264,2022-05-27 12:40:00+05:30,0.75,0.75,0.75,0.75,0,34300
265,2022-05-27 12:41:00+05:30,0.75,0.75,0.75,0.75,0,34300
266,2022-05-27 12:42:00+05:30,0.75,0.75,0.75,0.75,0,34300
267,2022-05-27 12:43:00+05:30,0.75,0.75,0.75,0.75,0,34300
268,2022-05-27 12:44:00+05:30,0.75,0.75,0.75,0.75,0,34300
269,2022-05-27 12:45:00+05:30,0.75,0.75,0.75,0.75,0,34300
270,2022-05-27 12:46:00+05:30,0.75,0.75,0.75,0.75,0,34300
271,2022-05-27 12:47:00+05:30,0.75,0.75,0.75,0.75,0,34300
272,2022-05-27 12:48:00+05:30,0.75,0.75,0.75,0.75,0,34300
273,2022-05-27 12:49:00+05:30,0.75,0.75,0.75,0.75,0,34300
274,2022-05-27 12:50:00+05:30,0.75,0.75,0.75,0.75,0,34300
275,2022-05-27 12:51:00+05:30,0.75,0.75,0.75,0.75,0,34300
276,2022-05-27 12:52:00+05:30,0.75,0.75,0.75,0.75,0,34300
277,2022-05-27 12:53:00+05:30,0.75,0.75,0.75,0.75,0,34300
278,2022-05-27 12:54:00+05:30,0.75,0.75,0.75,0.75,0,34300
279,2022-05-27 12:55:00+05:30,0.75,0.75,0.75,0.75,0,34300
280,2022-05-27 12:56:00+05:30,0.75,0.75,0.75,0.75,0,34300
281,2022-05-27 12:57:00+05:30,0.75,0.75,0.75,0.75,0,34300
282,2022-05-27 12:58:00+05:30,0.75,0.75,0.75,0.75,0,34300
283,2022-05-27 12:59:00+05:30,0.75,0.75,0.75,0.75,0,34300
284,2022-05-27 13:00:00+05:30,0.75,0.75,0.75,0.75,0,34300
285,2022-05-27 13:01:00+05:30,0.75,0.75,0.75,0.75,0,34300
286,2022-05-27 13:02:00+05:30,0.75,0.75,0.75,0.75,0,34300
287,2022-05-27 13:03:00+05:30,0.75,0.75,0.75,0.75,0,34300
288,2022-05-27 13:04:00+05:30,0.75,0.75,0.75,0.75,0,34300
289,2022-05-27 13:05:00+05:30,0.75,0.75,0.75,0.75,0,34300
290,2022-05-27 13:06:00+05:30,0.75,0.75,0.75,0.75,0,34300
291,2022-05-27 13:07:00+05:30,0.75,0.75,0.75,0.75,0,34300
292,2022-05-27 13:08:00+05:30,0.75,0.75,0.75,0.75,0,34300
293,2022-05-27 13:09:00+05:30,0.75,0.75,0.75,0.75,0,34300
294,2022-05-27 13:10:00+05:30,0.75,0.75,0.7,0.7,100,34350
295,2022-05-27 13:11:00+05:30,0.7,0.7,0.65,0.65,0,34350
296,2022-05-27 13:12:00+05:30,0.65,0.65,0.65,0.65,0,34350
297,2022-05-27 13:13:00+05:30,0.65,0.65,0.65,0.65,0,34350
298,2022-05-27 13:14:00+05:30,0.65,0.65,0.65,0.65,0,34350
299,2022-05-27 13:15:00+05:30,0.65,0.65,0.65,0.65,0,34350
300,2022-05-27 13:16:00+05:30,0.65,0.65,0.65,0.65,0,34350
301,2022-05-27 13:17:00+05:30,0.65,0.65,0.65,0.65,0,34350
302,2022-05-27 13:18:00+05:30,0.7,0.7,0.65,0.7,14600,34350
303,2022-05-27 13:19:00+05:30,0.7,0.7,0.7,0.7,13500,34350
304,2022-05-27 13:20:00+05:30,0.7,0.7,0.7,0.7,0,34350
305,2022-05-27 13:21:00+05:30,0.7,0.7,0.7,0.7,0,34350
306,2022-05-27 13:22:00+05:30,0.7,0.7,0.7,0.7,100,37600
307,2022-05-27 13:23:00+05:30,0.7,0.7,0.7,0.7,4300,37600
308,2022-05-27 13:24:00+05:30,0.7,0.7,0.7,0.7,3000,33050
309,2022-05-27 13:25:00+05:30,0.7,0.7,0.7,0.7,350,33050
310,2022-05-27 13:26:00+05:30,0.7,0.7,0.7,0.7,0,33050
311,2022-05-27 13:27:00+05:30,0.7,0.7,0.7,0.7,0,33050
312,2022-05-27 13:28:00+05:30,0.7,0.7,0.7,0.7,0,33050
313,2022-05-27 13:29:00+05:30,0.7,0.7,0.7,0.7,0,33050
314,2022-05-27 13:30:00+05:30,0.7,0.7,0.7,0.7,0,33050
315,2022-05-27 13:31:00+05:30,0.7,0.7,0.7,0.7,0,33050
316,2022-05-27 13:32:00+05:30,0.7,0.7,0.7,0.7,0,33050
317,2022-05-27 13:33:00+05:30,0.7,0.7,0.7,0.7,0,33050
318,2022-05-27 13:34:00+05:30,0.7,0.7,0.7,0.7,0,33050
319,2022-05-27 13:35:00+05:30,0.7,0.7,0.7,0.7,0,33050
320,2022-05-27 13:36:00+05:30,0.7,0.7,0.7,0.7,0,33050
321,2022-05-27 13:37:00+05:30,0.7,0.7,0.7,0.7,1500,30000
322,2022-05-27 13:38:00+05:30,0.7,0.7,0.7,0.7,0,30000
323,2022-05-27 13:39:00+05:30,0.7,0.7,0.7,0.7,0,30000
324,2022-05-27 13:40:00+05:30,0.7,0.7,0.7,0.7,1500,27000
325,2022-05-27 13:41:00+05:30,0.7,0.7,0.7,0.7,0,27000
326,2022-05-27 13:42:00+05:30,0.7,0.7,0.7,0.7,0,27000
327,2022-05-27 13:43:00+05:30,0.7,0.7,0.7,0.7,0,27000
328,2022-05-27 13:44:00+05:30,0.7,0.7,0.7,0.7,0,27000
329,2022-05-27 13:45:00+05:30,0.7,0.7,0.7,0.7,0,27000
330,2022-05-27 13:46:00+05:30,0.7,0.7,0.7,0.7,0,27000
331,2022-05-27 13:47:00+05:30,0.7,0.7,0.7,0.7,0,27000
332,2022-05-27 13:48:00+05:30,0.7,0.7,0.7,0.7,0,27000
333,2022-05-27 13:49:00+05:30,0.7,0.7,0.7,0.7,0,27000
334,2022-05-27 13:50:00+05:30,0.7,0.7,0.7,0.7,0,27000
335,2022-05-27 13:51:00+05:30,0.7,0.7,0.7,0.7,0,27000
336,2022-05-27 13:52:00+05:30,0.7,0.7,0.7,0.7,0,27000
337,2022-05-27 13:53:00+05:30,0.7,0.7,0.7,0.7,0,27000
338,2022-05-27 13:54:00+05:30,0.7,0.7,0.7,0.7,0,27000
339,2022-05-27 13:55:00+05:30,0.7,0.7,0.7,0.7,0,27000
340,2022-05-27 13:56:00+05:30,0.7,0.7,0.7,0.7,0,27000
341,2022-05-27 13:57:00+05:30,0.7,0.7,0.7,0.7,0,27000
342,2022-05-27 13:58:00+05:30,0.7,0.7,0.7,0.7,0,27000
343,2022-05-27 13:59:00+05:30,0.7,0.7,0.7,0.7,0,27000
344,2022-05-27 14:00:00+05:30,0.7,0.7,0.7,0.7,0,27000
345,2022-05-27 14:01:00+05:30,0.7,0.7,0.7,0.7,0,27000
346,2022-05-27 14:02:00+05:30,0.7,0.7,0.7,0.7,0,27000
347,2022-05-27 14:03:00+05:30,0.7,0.7,0.7,0.7,0,27000
348,2022-05-27 14:04:00+05:30,0.7,0.7,0.7,0.7,4800,27000
349,2022-05-27 14:05:00+05:30,0.7,0.7,0.7,0.7,1550,27000
350,2022-05-27 14:06:00+05:30,0.7,0.75,0.7,0.75,200,22500
351,2022-05-27 14:07:00+05:30,0.75,0.75,0.75,0.75,0,22500
352,2022-05-27 14:08:00+05:30,0.7,0.7,0.65,0.65,50,22500
353,2022-05-27 14:09:00+05:30,0.65,0.7,0.65,0.7,950,21850
354,2022-05-27 14:10:00+05:30,0.7,0.7,0.7,0.7,0,21850
355,2022-05-27 14:11:00+05:30,0.7,0.7,0.7,0.7,0,21850
356,2022-05-27 14:12:00+05:30,0.7,0.7,0.7,0.7,0,21850
357,2022-05-27 14:13:00+05:30,0.7,0.7,0.7,0.7,0,21850
358,2022-05-27 14:14:00+05:30,0.7,0.7,0.7,0.7,0,21850
359,2022-05-27 14:15:00+05:30,0.7,0.75,0.7,0.75,100,20900
360,2022-05-27 14:16:00+05:30,0.75,0.75,0.75,0.75,0,20900
361,2022-05-27 14:17:00+05:30,0.75,0.75,0.75,0.75,0,20900
362,2022-05-27 14:18:00+05:30,0.75,0.75,0.75,0.75,0,20900
363,2022-05-27 14:19:00+05:30,0.75,0.75,0.75,0.75,0,20900
364,2022-05-27 14:20:00+05:30,0.75,0.75,0.75,0.75,0,20900
365,2022-05-27 14:21:00+05:30,0.75,0.75,0.75,0.75,0,20900
366,2022-05-27 14:22:00+05:30,0.75,0.75,0.75,0.75,0,20900
367,2022-05-27 14:23:00+05:30,0.75,0.75,0.75,0.75,0,20900
368,2022-05-27 14:24:00+05:30,0.75,0.75,0.75,0.75,0,20900
369,2022-05-27 14:25:00+05:30,0.75,0.75,0.75,0.75,0,20900
370,2022-05-27 14:26:00+05:30,0.75,0.75,0.75,0.75,0,20900
371,2022-05-27 14:27:00+05:30,0.75,0.75,0.75,0.75,0,20900
372,2022-05-27 14:28:00+05:30,0.75,0.75,0.75,0.75,0,20900
373,2022-05-27 14:29:00+05:30,0.75,0.75,0.75,0.75,0,20900
374,2022-05-27 14:30:00+05:30,0.75,0.75,0.75,0.75,0,20900
375,2022-05-27 14:31:00+05:30,0.75,0.75,0.75,0.75,0,20900
376,2022-05-27 14:32:00+05:30,0.75,0.75,0.75,0.75,0,20900
377,2022-05-27 14:33:00+05:30,0.75,0.75,0.75,0.75,0,20900
378,2022-05-27 14:34:00+05:30,0.75,0.75,0.75,0.75,0,20900
379,2022-05-27 14:35:00+05:30,0.75,0.75,0.75,0.75,0,20900
380,2022-05-27 14:36:00+05:30,0.75,0.75,0.75,0.75,0,20900
381,2022-05-27 14:37:00+05:30,0.75,0.75,0.75,0.75,0,20900
382,2022-05-27 14:38:00+05:30,0.75,0.75,0.75,0.75,0,20900
383,2022-05-27 14:39:00+05:30,0.75,0.75,0.75,0.75,0,20900
384,2022-05-27 14:40:00+05:30,0.75,0.75,0.75,0.75,0,20900
385,2022-05-27 14:41:00+05:30,0.75,0.75,0.75,0.75,0,20900
386,2022-05-27 14:42:00+05:30,0.75,0.75,0.75,0.75,0,20900
387,2022-05-27 14:43:00+05:30,0.75,0.75,0.75,0.75,0,20900
388,2022-05-27 14:44:00+05:30,0.75,0.75,0.75,0.75,0,20900
389,2022-05-27 14:45:00+05:30,0.75,0.75,0.75,0.75,0,20900
390,2022-05-27 14:46:00+05:30,0.75,0.75,0.75,0.75,0,20900
391,2022-05-27 14:47:00+05:30,0.75,0.75,0.75,0.75,0,20900
392,2022-05-27 14:48:00+05:30,0.75,0.75,0.75,0.75,0,20900
393,2022-05-27 14:49:00+05:30,0.75,0.75,0.75,0.75,0,20900
394,2022-05-27 14:50:00+05:30,0.75,0.75,0.7,0.7,100,20800
395,2022-05-27 14:51:00+05:30,0.7,0.7,0.7,0.7,0,20800
396,2022-05-27 14:52:00+05:30,0.7,0.7,0.7,0.7,0,20800
397,2022-05-27 14:53:00+05:30,0.7,0.7,0.7,0.7,0,20800
398,2022-05-27 14:54:00+05:30,0.7,0.7,0.7,0.7,0,20800
399,2022-05-27 14:55:00+05:30,0.7,0.7,0.7,0.7,0,20800
400,2022-05-27 14:56:00+05:30,0.7,0.7,0.7,0.7,0,20800
401,2022-05-27 14:57:00+05:30,0.7,0.7,0.7,0.7,0,20800
402,2022-05-27 14:58:00+05:30,0.7,0.7,0.7,0.7,0,20800
403,2022-05-27 14:59:00+05:30,0.7,0.7,0.7,0.7,0,20800
404,2022-05-27 15:00:00+05:30,0.7,0.7,0.7,0.7,1400,20700
405,2022-05-27 15:01:00+05:30,0.7,0.7,0.7,0.7,0,20700
406,2022-05-27 15:02:00+05:30,0.7,0.7,0.7,0.7,0,20700
407,2022-05-27 15:03:00+05:30,0.7,0.7,0.7,0.7,1350,21450
408,2022-05-27 15:04:00+05:30,0.7,0.7,0.7,0.7,0,21450
409,2022-05-27 15:05:00+05:30,0.7,0.7,0.7,0.7,0,21450
410,2022-05-27 15:06:00+05:30,0.7,0.7,0.7,0.7,0,21450
411,2022-05-27 15:07:00+05:30,0.7,0.7,0.7,0.7,0,21450
412,2022-05-27 15:08:00+05:30,0.7,0.7,0.7,0.7,0,21450
413,2022-05-27 15:09:00+05:30,0.65,0.65,0.65,0.65,950,20600
414,2022-05-27 15:10:00+05:30,0.65,0.65,0.65,0.65,0,20600
415,2022-05-27 15:11:00+05:30,0.65,0.65,0.65,0.65,0,20600
416,2022-05-27 15:12:00+05:30,0.65,0.65,0.65,0.65,3000,21550
417,2022-05-27 15:13:00+05:30,0.65,0.65,0.65,0.65,0,21550
418,2022-05-27 15:14:00+05:30,0.65,0.7,0.65,0.7,0,21550
419,2022-05-27 15:15:00+05:30,0.7,0.7,0.7,0.7,0,21550
420,2022-05-27 15:16:00+05:30,0.7,0.7,0.7,0.7,0,21550
421,2022-05-27 15:17:00+05:30,0.7,0.7,0.7,0.7,0,21550
422,2022-05-27 15:18:00+05:30,0.7,0.7,0.7,0.7,0,21550
423,2022-05-27 15:19:00+05:30,0.7,0.7,0.7,0.7,0,21550
424,2022-05-27 15:20:00+05:30,0.7,0.7,0.65,0.65,1000,21500
425,2022-05-27 15:21:00+05:30,0.65,0.65,0.65,0.65,0,21500
426,2022-05-27 15:22:00+05:30,0.65,0.65,0.65,0.65,100,21500
427,2022-05-27 15:23:00+05:30,0.65,0.65,0.65,0.65,0,21500
428,2022-05-27 15:24:00+05:30,0.65,0.65,0.65,0.65,0,21500
429,2022-05-27 15:25:00+05:30,0.65,0.65,0.6,0.6,600,21500
430,2022-05-27 15:26:00+05:30,0.6,0.6,0.6,0.6,0,21500
431,2022-05-27 15:27:00+05:30,0.6,0.6,0.6,0.6,150,21500
432,2022-05-27 15:28:00+05:30,0.6,0.6,0.6,0.6,0,21500
433,2022-05-27 15:29:00+05:30,0.6,0.6,0.6,0.6,100,21500
434,2022-05-30 09:15:00+05:30,0.7,0.7,0.7,0.7,0,0
435,2022-05-30 09:17:00+05:30,0.7,0.75,0.7,0.75,400,21500
436,2022-05-30 09:18:00+05:30,0.75,0.75,0.75,0.75,0,21500
437,2022-05-30 09:19:00+05:30,0.75,0.75,0.6,0.6,0,21500
438,2022-05-30 09:20:00+05:30,0.6,0.6,0.6,0.6,0,21500
439,2022-05-30 09:21:00+05:30,0.6,0.6,0.6,0.6,0,21500
440,2022-05-30 09:22:00+05:30,0.6,0.6,0.6,0.6,0,21500
441,2022-05-30 09:23:00+05:30,0.6,0.6,0.6,0.6,0,21500
442,2022-05-30 09:24:00+05:30,0.6,0.6,0.6,0.6,0,21500
443,2022-05-30 09:25:00+05:30,0.6,0.6,0.6,0.6,0,21500
444,2022-05-30 09:26:00+05:30,0.6,0.6,0.6,0.6,0,21500
445,2022-05-30 09:27:00+05:30,0.6,0.7,0.6,0.7,0,21800
446,2022-05-30 09:28:00+05:30,0.7,0.7,0.65,0.65,0,21800
447,2022-05-30 09:29:00+05:30,0.65,0.65,0.6,0.6,550,21800
448,2022-05-30 09:30:00+05:30,0.6,0.6,0.6,0.6,0,21800
449,2022-05-30 09:31:00+05:30,0.6,0.6,0.6,0.6,0,21800
450,2022-05-30 09:32:00+05:30,0.6,0.6,0.6,0.6,0,21800
451,2022-05-30 09:33:00+05:30,0.6,0.6,0.6,0.6,0,21800
452,2022-05-30 09:34:00+05:30,0.6,0.6,0.6,0.6,0,21800
453,2022-05-30 09:35:00+05:30,0.6,0.6,0.6,0.6,550,21500
454,2022-05-30 09:36:00+05:30,0.6,0.6,0.6,0.6,0,21500
455,2022-05-30 09:37:00+05:30,0.6,0.6,0.6,0.6,0,21500
456,2022-05-30 09:39:00+05:30,0.6,0.6,0.6,0.6,0,21500
457,2022-05-30 09:41:00+05:30,0.6,0.6,0.6,0.6,50,21500
458,2022-05-30 09:42:00+05:30,0.6,0.6,0.6,0.6,0,21500
459,2022-05-30 09:44:00+05:30,0.6,0.6,0.6,0.6,0,21500
460,2022-05-30 09:46:00+05:30,0.6,0.6,0.6,0.6,0,21500
461,2022-05-30 09:47:00+05:30,0.6,0.6,0.6,0.6,0,21500
462,2022-05-30 09:48:00+05:30,0.6,0.6,0.6,0.6,0,21500
463,2022-05-30 09:49:00+05:30,0.6,0.6,0.6,0.6,0,21500
464,2022-05-30 09:50:00+05:30,0.6,0.6,0.6,0.6,0,21500
465,2022-05-30 09:51:00+05:30,0.6,0.6,0.6,0.6,0,21500
466,2022-05-30 09:52:00+05:30,0.6,0.6,0.6,0.6,0,21500
467,2022-05-30 09:53:00+05:30,0.6,0.6,0.6,0.6,0,21500
468,2022-05-30 09:54:00+05:30,0.6,0.6,0.6,0.6,0,21500
469,2022-05-30 09:56:00+05:30,0.6,0.6,0.6,0.6,0,21500
470,2022-05-30 09:57:00+05:30,0.6,0.6,0.6,0.6,0,21500
471,2022-05-30 09:58:00+05:30,0.6,0.6,0.6,0.6,0,21500
472,2022-05-30 10:01:00+05:30,0.6,0.6,0.6,0.6,0,21500
473,2022-05-30 10:03:00+05:30,0.6,0.6,0.6,0.6,0,21500
474,2022-05-30 10:04:00+05:30,0.6,0.6,0.6,0.6,0,21500
475,2022-05-30 10:05:00+05:30,0.6,0.6,0.6,0.6,0,21500
476,2022-05-30 10:06:00+05:30,0.6,0.65,0.6,0.65,50,21500
477,2022-05-30 10:07:00+05:30,0.65,0.65,0.65,0.65,0,21500
478,2022-05-30 10:08:00+05:30,0.65,0.65,0.65,0.65,0,21500
479,2022-05-30 10:09:00+05:30,0.65,0.65,0.65,0.65,0,21500
480,2022-05-30 10:10:00+05:30,0.65,0.65,0.65,0.65,0,21500
481,2022-05-30 10:11:00+05:30,0.65,0.65,0.65,0.65,0,21500
482,2022-05-30 10:12:00+05:30,0.65,0.65,0.65,0.65,0,21500
483,2022-05-30 10:13:00+05:30,0.65,0.65,0.65,0.65,0,21500
484,2022-05-30 10:16:00+05:30,0.65,0.65,0.65,0.65,50,21450
485,2022-05-30 10:17:00+05:30,0.65,0.65,0.65,0.65,0,21450
486,2022-05-30 10:18:00+05:30,0.65,0.65,0.65,0.65,0,21450
487,2022-05-30 10:20:00+05:30,0.6,0.6,0.6,0.6,0,21500
488,2022-05-30 10:21:00+05:30,0.6,0.6,0.6,0.6,0,21500
489,2022-05-30 10:22:00+05:30,0.6,0.6,0.6,0.6,0,21500
490,2022-05-30 10:23:00+05:30,0.6,0.6,0.6,0.6,0,21500
491,2022-05-30 10:25:00+05:30,0.6,0.6,0.6,0.6,100,21500
492,2022-05-30 10:26:00+05:30,0.6,0.6,0.6,0.6,50,21500
493,2022-05-30 10:27:00+05:30,0.6,0.6,0.6,0.6,0,21500
494,2022-05-30 10:28:00+05:30,0.6,0.6,0.6,0.6,0,21500
495,2022-05-30 10:29:00+05:30,0.6,0.6,0.6,0.6,0,21500
496,2022-05-30 10:30:00+05:30,0.6,0.6,0.6,0.6,0,21500
497,2022-05-30 10:31:00+05:30,0.6,0.6,0.6,0.6,0,21500
498,2022-05-30 10:32:00+05:30,0.6,0.6,0.6,0.6,0,21500
499,2022-05-30 10:33:00+05:30,0.6,0.6,0.6,0.6,0,21500
500,2022-05-30 10:34:00+05:30,0.6,0.6,0.6,0.6,0,21500
501,2022-05-30 10:35:00+05:30,0.6,0.6,0.6,0.6,0,21500
502,2022-05-30 10:36:00+05:30,0.6,0.6,0.6,0.6,0,21500
503,2022-05-30 10:37:00+05:30,0.6,0.6,0.6,0.6,0,21500
504,2022-05-30 10:38:00+05:30,0.6,0.6,0.6,0.6,0,21500
505,2022-05-30 10:39:00+05:30,0.6,0.6,0.6,0.6,0,21500
506,2022-05-30 10:40:00+05:30,0.6,0.6,0.6,0.6,0,21500
507,2022-05-30 10:41:00+05:30,0.6,0.6,0.6,0.6,0,21500
508,2022-05-30 10:42:00+05:30,0.65,0.65,0.65,0.65,200,21500
509,2022-05-30 10:43:00+05:30,0.65,0.65,0.65,0.65,0,21500
510,2022-05-30 10:44:00+05:30,0.65,0.65,0.65,0.65,0,21500
511,2022-05-30 10:45:00+05:30,0.65,0.65,0.65,0.65,0,21500
512,2022-05-30 10:46:00+05:30,0.65,0.65,0.65,0.65,0,21500
513,2022-05-30 10:51:00+05:30,0.65,0.65,0.65,0.65,0,21500
514,2022-05-30 10:52:00+05:30,0.65,0.65,0.65,0.65,0,21500
515,2022-05-30 10:53:00+05:30,0.65,0.65,0.65,0.65,0,21500
516,2022-05-30 10:56:00+05:30,0.65,0.65,0.65,0.65,0,21500
517,2022-05-30 10:57:00+05:30,0.65,0.65,0.65,0.65,0,21500
518,2022-05-30 10:59:00+05:30,0.65,0.65,0.65,0.65,0,21500
519,2022-05-30 11:00:00+05:30,0.65,0.65,0.65,0.65,0,21500
520,2022-05-30 11:03:00+05:30,0.65,0.65,0.65,0.65,0,21500
521,2022-05-30 11:05:00+05:30,0.6,0.6,0.6,0.6,50,21750
522,2022-05-30 11:06:00+05:30,0.6,0.6,0.6,0.6,0,21750
523,2022-05-30 11:09:00+05:30,0.6,0.65,0.6,0.65,50,21750
524,2022-05-30 11:10:00+05:30,0.65,0.65,0.65,0.65,0,21750
525,2022-05-30 11:11:00+05:30,0.65,0.65,0.65,0.65,0,21750
526,2022-05-30 11:12:00+05:30,0.65,0.65,0.65,0.65,0,21750
527,2022-05-30 11:13:00+05:30,0.65,0.65,0.65,0.65,0,21750
528,2022-05-30 11:14:00+05:30,0.65,0.65,0.65,0.65,0,21750
529,2022-05-30 11:15:00+05:30,0.65,0.65,0.65,0.65,0,21750
530,2022-05-30 11:16:00+05:30,0.65,0.65,0.65,0.65,0,21750
531,2022-05-30 11:17:00+05:30,0.65,0.65,0.65,0.65,0,21750
532,2022-05-30 11:19:00+05:30,0.65,0.65,0.65,0.65,0,21750
533,2022-05-30 11:20:00+05:30,0.65,0.65,0.65,0.65,0,21950
534,2022-05-30 11:21:00+05:30,0.65,0.65,0.65,0.65,0,21950
535,2022-05-30 11:22:00+05:30,0.65,0.65,0.65,0.65,0,21950
536,2022-05-30 11:23:00+05:30,0.65,0.65,0.6,0.6,50,22050
537,2022-05-30 11:24:00+05:30,0.6,0.6,0.6,0.6,1050,22050
538,2022-05-30 11:25:00+05:30,0.6,0.6,0.6,0.6,0,22050
539,2022-05-30 11:26:00+05:30,0.6,0.6,0.6,0.6,0,22050
540,2022-05-30 11:28:00+05:30,0.6,0.6,0.6,0.6,0,22050
541,2022-05-30 11:29:00+05:30,0.6,0.6,0.6,0.6,0,22050
542,2022-05-30 11:30:00+05:30,0.6,0.6,0.6,0.6,0,22050
543,2022-05-30 11:31:00+05:30,0.6,0.6,0.6,0.6,0,22050
544,2022-05-30 11:32:00+05:30,0.6,0.6,0.6,0.6,0,22050
545,2022-05-30 11:33:00+05:30,0.6,0.6,0.6,0.6,0,22050
546,2022-05-30 11:35:00+05:30,0.6,0.6,0.6,0.6,0,22050
547,2022-05-30 11:36:00+05:30,0.6,0.6,0.6,0.6,50,22100
548,2022-05-30 11:38:00+05:30,0.6,0.6,0.6,0.6,0,22100
549,2022-05-30 11:39:00+05:30,0.6,0.6,0.6,0.6,0,22100
550,2022-05-30 11:40:00+05:30,0.6,0.6,0.6,0.6,0,22100
551,2022-05-30 11:41:00+05:30,0.6,0.6,0.6,0.6,0,22050
552,2022-05-30 11:42:00+05:30,0.6,0.6,0.6,0.6,50,22050
553,2022-05-30 11:44:00+05:30,0.6,0.6,0.6,0.6,0,22050
554,2022-05-30 11:49:00+05:30,0.6,0.6,0.6,0.6,100,22000
555,2022-05-30 11:50:00+05:30,0.6,0.6,0.6,0.6,0,22000
556,2022-05-30 11:57:00+05:30,0.6,0.6,0.6,0.6,0,22000
557,2022-05-30 11:58:00+05:30,0.6,0.6,0.6,0.6,17950,22050
558,2022-05-30 11:59:00+05:30,0.6,0.6,0.6,0.6,0,22050
559,2022-05-30 12:00:00+05:30,0.6,0.6,0.6,0.6,0,22050
560,2022-05-30 12:01:00+05:30,0.6,0.6,0.6,0.6,500,40000
561,2022-05-30 12:02:00+05:30,0.6,0.6,0.6,0.6,18350,40000
562,2022-05-30 12:03:00+05:30,0.6,0.6,0.6,0.6,0,40000
563,2022-05-30 12:04:00+05:30,0.6,0.6,0.6,0.6,0,40000
564,2022-05-30 12:05:00+05:30,0.6,0.6,0.6,0.6,0,40000
565,2022-05-30 12:06:00+05:30,0.6,0.6,0.6,0.6,100,24850
566,2022-05-30 12:07:00+05:30,0.6,0.6,0.6,0.6,0,24850
567,2022-05-30 12:08:00+05:30,0.6,0.6,0.6,0.6,0,24850
568,2022-05-30 12:09:00+05:30,0.6,0.6,0.6,0.6,0,24850
569,2022-05-30 12:10:00+05:30,0.6,0.6,0.6,0.6,0,24850
570,2022-05-30 12:11:00+05:30,0.6,0.6,0.6,0.6,0,24850
571,2022-05-30 12:12:00+05:30,0.6,0.6,0.6,0.6,0,24850
572,2022-05-30 12:13:00+05:30,0.6,0.6,0.6,0.6,0,24850
573,2022-05-30 12:14:00+05:30,0.6,0.6,0.6,0.6,0,24850
574,2022-05-30 12:15:00+05:30,0.6,0.6,0.6,0.6,0,24850
575,2022-05-30 12:16:00+05:30,0.6,0.6,0.6,0.6,0,24850
576,2022-05-30 12:17:00+05:30,0.6,0.6,0.6,0.6,50,24850
577,2022-05-30 12:19:00+05:30,0.6,0.6,0.6,0.6,0,24850
578,2022-05-30 12:20:00+05:30,0.6,0.6,0.6,0.6,0,24850
579,2022-05-30 12:21:00+05:30,0.6,0.65,0.6,0.65,0,24850
580,2022-05-30 12:22:00+05:30,0.65,0.65,0.65,0.65,0,24850
581,2022-05-30 12:23:00+05:30,0.65,0.65,0.65,0.65,100,24850
582,2022-05-30 12:24:00+05:30,0.65,0.65,0.65,0.65,0,24850
583,2022-05-30 12:25:00+05:30,0.65,0.65,0.65,0.65,0,24850
584,2022-05-30 12:26:00+05:30,0.65,0.65,0.65,0.65,0,24850
585,2022-05-30 12:27:00+05:30,0.65,0.65,0.65,0.65,0,24850
586,2022-05-30 12:28:00+05:30,0.65,0.65,0.65,0.65,0,24850
587,2022-05-30 12:29:00+05:30,0.65,0.65,0.65,0.65,0,24850
588,2022-05-30 12:30:00+05:30,0.65,0.65,0.65,0.65,0,24850
589,2022-05-30 12:31:00+05:30,0.65,0.65,0.65,0.65,0,24850
590,2022-05-30 12:33:00+05:30,0.65,0.65,0.65,0.65,0,24850
591,2022-05-30 12:34:00+05:30,0.65,0.65,0.65,0.65,0,24850
592,2022-05-30 12:35:00+05:30,0.65,0.65,0.65,0.65,0,24850
593,2022-05-30 12:36:00+05:30,0.65,0.65,0.65,0.65,0,24850
594,2022-05-30 12:37:00+05:30,0.65,0.65,0.65,0.65,0,24850
595,2022-05-30 12:38:00+05:30,0.65,0.65,0.65,0.65,0,24850
596,2022-05-30 12:39:00+05:30,0.65,0.65,0.65,0.65,0,24850
597,2022-05-30 12:40:00+05:30,0.65,0.65,0.65,0.65,0,24850
598,2022-05-30 12:41:00+05:30,0.65,0.65,0.65,0.65,0,24850
599,2022-05-30 12:42:00+05:30,0.65,0.65,0.65,0.65,0,24850
600,2022-05-30 12:43:00+05:30,0.65,0.65,0.65,0.65,0,24850
601,2022-05-30 12:44:00+05:30,0.65,0.65,0.65,0.65,0,24850
602,2022-05-30 12:45:00+05:30,0.65,0.65,0.65,0.65,0,24850
603,2022-05-30 12:47:00+05:30,0.65,0.65,0.65,0.65,0,24850
604,2022-05-30 12:48:00+05:30,0.65,0.65,0.65,0.65,0,24850
605,2022-05-30 12:49:00+05:30,0.65,0.65,0.65,0.65,0,24850
606,2022-05-30 12:50:00+05:30,0.65,0.65,0.65,0.65,0,24850
607,2022-05-30 12:51:00+05:30,0.65,0.65,0.65,0.65,0,24850
608,2022-05-30 12:52:00+05:30,0.65,0.65,0.65,0.65,0,24850
609,2022-05-30 12:53:00+05:30,0.65,0.65,0.65,0.65,0,24850
610,2022-05-30 12:54:00+05:30,0.65,0.65,0.65,0.65,0,24850
611,2022-05-30 12:55:00+05:30,0.65,0.65,0.65,0.65,0,24850
612,2022-05-30 12:56:00+05:30,0.65,0.65,0.65,0.65,0,24850
613,2022-05-30 12:57:00+05:30,0.6,0.6,0.6,0.6,0,24850
614,2022-05-30 12:58:00+05:30,0.6,0.6,0.6,0.6,0,24850
615,2022-05-30 12:59:00+05:30,0.6,0.6,0.6,0.6,0,24850
616,2022-05-30 13:00:00+05:30,0.6,0.6,0.6,0.6,0,24850
617,2022-05-30 13:01:00+05:30,0.6,0.6,0.6,0.6,0,24850
618,2022-05-30 13:02:00+05:30,0.6,0.6,0.6,0.6,0,24850
619,2022-05-30 13:03:00+05:30,0.6,0.6,0.6,0.6,0,24850
620,2022-05-30 13:06:00+05:30,0.6,0.6,0.6,0.6,0,24850
621,2022-05-30 13:07:00+05:30,0.6,0.6,0.6,0.6,600,24850
622,2022-05-30 13:09:00+05:30,0.6,0.6,0.6,0.6,0,24850
623,2022-05-30 13:10:00+05:30,0.65,0.65,0.65,0.65,1700,24850
624,2022-05-30 13:15:00+05:30,0.65,0.65,0.65,0.65,0,24850
625,2022-05-30 13:17:00+05:30,0.65,0.65,0.65,0.65,0,24850
626,2022-05-30 13:26:00+05:30,0.65,0.65,0.65,0.65,0,24850
627,2022-05-30 13:27:00+05:30,0.65,0.65,0.65,0.65,0,24850
628,2022-05-30 13:30:00+05:30,0.6,0.6,0.6,0.6,2400,25200
629,2022-05-30 13:32:00+05:30,0.6,0.6,0.6,0.6,0,25200
630,2022-05-30 13:33:00+05:30,0.6,0.6,0.6,0.6,0,25200
631,2022-05-30 13:34:00+05:30,0.6,0.6,0.6,0.6,0,25200
632,2022-05-30 13:36:00+05:30,0.6,0.6,0.6,0.6,0,25200
633,2022-05-30 13:38:00+05:30,0.6,0.6,0.6,0.6,0,25200
634,2022-05-30 13:39:00+05:30,0.6,0.6,0.6,0.6,0,25200
635,2022-05-30 13:40:00+05:30,0.6,0.6,0.6,0.6,0,25200
636,2022-05-30 13:41:00+05:30,0.6,0.6,0.6,0.6,0,25200
637,2022-05-30 13:42:00+05:30,0.6,0.6,0.6,0.6,0,25200
638,2022-05-30 13:43:00+05:30,0.6,0.6,0.6,0.6,0,25200
639,2022-05-30 13:44:00+05:30,0.6,0.6,0.6,0.6,0,25200
640,2022-05-30 13:48:00+05:30,0.6,0.6,0.6,0.6,0,25200
641,2022-05-30 13:49:00+05:30,0.6,0.6,0.6,0.6,0,25200
642,2022-05-30 13:53:00+05:30,0.6,0.6,0.6,0.6,0,25200
643,2022-05-30 13:54:00+05:30,0.6,0.6,0.6,0.6,0,25200
644,2022-05-30 13:55:00+05:30,0.6,0.6,0.6,0.6,0,25200
645,2022-05-30 13:56:00+05:30,0.6,0.6,0.6,0.6,0,25200
646,2022-05-30 13:57:00+05:30,0.6,0.6,0.6,0.6,0,25200
647,2022-05-30 14:00:00+05:30,0.6,0.6,0.6,0.6,0,25200
648,2022-05-30 14:02:00+05:30,0.65,0.65,0.6,0.6,100,24700
649,2022-05-30 14:03:00+05:30,0.6,0.6,0.6,0.6,0,24700
650,2022-05-30 14:04:00+05:30,0.6,0.6,0.6,0.6,0,24700
651,2022-05-30 14:08:00+05:30,0.6,0.6,0.6,0.6,0,24700
652,2022-05-30 14:09:00+05:30,0.6,0.6,0.6,0.6,0,24700
653,2022-05-30 14:14:00+05:30,0.6,0.6,0.6,0.6,150,24650
654,2022-05-30 14:15:00+05:30,0.6,0.6,0.6,0.6,0,24650
655,2022-05-30 14:16:00+05:30,0.6,0.6,0.6,0.6,0,24650
656,2022-05-30 14:28:00+05:30,0.6,0.6,0.6,0.6,0,24650
657,2022-05-30 14:31:00+05:30,0.6,0.6,0.6,0.6,0,24650
658,2022-05-30 14:33:00+05:30,0.6,0.6,0.6,0.6,0,24650
659,2022-05-30 14:35:00+05:30,0.6,0.6,0.6,0.6,0,24650
660,2022-05-30 14:36:00+05:30,0.6,0.6,0.6,0.6,0,24650
661,2022-05-30 14:38:00+05:30,0.6,0.6,0.6,0.6,0,24650
662,2022-05-30 14:39:00+05:30,0.6,0.6,0.6,0.6,0,24650
663,2022-05-30 14:40:00+05:30,0.6,0.6,0.6,0.6,0,24650
664,2022-05-30 14:41:00+05:30,0.6,0.6,0.6,0.6,0,24650
665,2022-05-30 14:44:00+05:30,0.6,0.6,0.6,0.6,0,24650
666,2022-05-30 14:48:00+05:30,0.6,0.6,0.6,0.6,0,24650
667,2022-05-30 14:49:00+05:30,0.6,0.6,0.6,0.6,0,24650
668,2022-05-30 14:50:00+05:30,0.6,0.6,0.6,0.6,0,24650
669,2022-05-30 14:54:00+05:30,0.6,0.6,0.6,0.6,0,24650
670,2022-05-30 14:55:00+05:30,0.6,0.6,0.6,0.6,0,24650
671,2022-05-30 14:56:00+05:30,0.6,0.6,0.6,0.6,100,24500
672,2022-05-30 14:57:00+05:30,0.6,0.6,0.6,0.6,1750,24400
673,2022-05-30 14:59:00+05:30,0.6,0.6,0.6,0.6,0,24400
674,2022-05-30 15:00:00+05:30,0.6,0.6,0.6,0.6,0,24400
675,2022-05-30 15:02:00+05:30,0.6,0.6,0.6,0.6,0,24400
676,2022-05-30 15:04:00+05:30,0.6,0.6,0.6,0.6,0,24400
677,2022-05-30 15:05:00+05:30,0.6,0.6,0.6,0.6,0,24400
678,2022-05-30 15:06:00+05:30,0.6,0.6,0.6,0.6,0,24400
679,2022-05-30 15:07:00+05:30,0.6,0.6,0.6,0.6,0,24400
680,2022-05-30 15:09:00+05:30,0.6,0.6,0.6,0.6,0,24400
681,2022-05-30 15:10:00+05:30,0.6,0.6,0.6,0.6,0,24400
682,2022-05-30 15:12:00+05:30,0.6,0.6,0.6,0.6,0,24400
683,2022-05-30 15:13:00+05:30,0.6,0.6,0.6,0.6,0,24400
684,2022-05-30 15:14:00+05:30,0.6,0.6,0.6,0.6,0,24400
685,2022-05-30 15:15:00+05:30,0.6,0.6,0.55,0.55,0,22900
686,2022-05-30 15:16:00+05:30,0.55,0.55,0.55,0.55,50,22900
687,2022-05-30 15:17:00+05:30,0.55,0.55,0.55,0.55,0,22900
688,2022-05-30 15:20:00+05:30,0.55,0.55,0.55,0.55,0,22900
689,2022-05-30 15:21:00+05:30,0.6,0.6,0.6,0.6,100,22900
690,2022-05-30 15:22:00+05:30,0.6,0.6,0.6,0.6,0,22900
691,2022-05-30 15:23:00+05:30,0.6,0.6,0.6,0.6,0,22900
692,2022-05-30 15:24:00+05:30,0.6,0.6,0.6,0.6,0,22900
693,2022-05-30 15:25:00+05:30,0.5,0.5,0.5,0.5,950,22900
694,2022-05-30 15:26:00+05:30,0.5,0.5,0.5,0.5,0,22900
695,2022-05-30 15:28:00+05:30,0.5,0.55,0.5,0.55,0,22900
696,2022-05-30 15:29:00+05:30,0.55,0.55,0.55,0.55,600,22900
697,2022-05-31 09:15:00+05:30,0.6,0.65,0.6,0.65,1250,22900
698,2022-05-31 09:16:00+05:30,0.65,0.65,0.65,0.65,0,22900
699,2022-05-31 09:17:00+05:30,0.65,0.65,0.65,0.65,0,22900
700,2022-05-31 09:18:00+05:30,0.65,0.65,0.65,0.65,0,22900
701,2022-05-31 09:19:00+05:30,0.65,0.65,0.65,0.65,0,22900
702,2022-05-31 09:20:00+05:30,0.65,0.65,0.65,0.65,600,23100
703,2022-05-31 09:21:00+05:30,0.6,0.6,0.6,0.6,1000,22600
704,2022-05-31 09:22:00+05:30,0.6,0.6,0.6,0.6,250,22600
705,2022-05-31 09:23:00+05:30,0.6,0.6,0.6,0.6,0,22600
706,2022-05-31 09:24:00+05:30,0.6,0.6,0.6,0.6,0,22600
707,2022-05-31 09:25:00+05:30,0.6,0.6,0.6,0.6,0,22600
708,2022-05-31 09:26:00+05:30,0.6,0.6,0.6,0.6,0,22600
709,2022-05-31 09:27:00+05:30,0.6,0.6,0.6,0.6,0,22600
710,2022-05-31 09:28:00+05:30,0.6,0.6,0.6,0.6,0,22600
711,2022-05-31 09:29:00+05:30,0.6,0.6,0.6,0.6,0,22600
712,2022-05-31 09:30:00+05:30,0.6,0.6,0.6,0.6,0,22600
713,2022-05-31 09:31:00+05:30,0.6,0.6,0.6,0.6,0,22600
714,2022-05-31 09:32:00+05:30,0.6,0.6,0.6,0.6,0,22600
715,2022-05-31 09:33:00+05:30,0.5,0.5,0.5,0.5,100,22750
716,2022-05-31 09:34:00+05:30,0.55,0.55,0.55,0.55,200,22750
717,2022-05-31 09:35:00+05:30,0.55,0.55,0.55,0.55,0,22750
718,2022-05-31 09:36:00+05:30,0.55,0.55,0.55,0.55,0,22750
719,2022-05-31 09:37:00+05:30,0.55,0.55,0.55,0.55,550,22650
720,2022-05-31 09:38:00+05:30,0.55,0.55,0.5,0.5,0,21950
721,2022-05-31 09:39:00+05:30,0.5,0.5,0.5,0.5,0,21950
722,2022-05-31 09:40:00+05:30,0.5,0.5,0.5,0.5,0,21950
723,2022-05-31 09:41:00+05:30,0.5,0.5,0.5,0.5,0,21950
724,2022-05-31 09:42:00+05:30,0.5,0.5,0.5,0.5,0,21950
725,2022-05-31 09:43:00+05:30,0.5,0.5,0.5,0.5,0,21950
726,2022-05-31 09:44:00+05:30,0.5,0.5,0.5,0.5,900,21850
727,2022-05-31 09:45:00+05:30,0.5,0.5,0.5,0.5,0,21850
728,2022-05-31 09:46:00+05:30,0.5,0.5,0.5,0.5,0,21850
729,2022-05-31 09:47:00+05:30,0.5,0.5,0.5,0.5,0,21850
730,2022-05-31 09:48:00+05:30,0.5,0.5,0.5,0.5,0,21850
731,2022-05-31 09:49:00+05:30,0.5,0.5,0.5,0.5,0,21850
732,2022-05-31 09:50:00+05:30,0.5,0.5,0.5,0.5,0,21850
733,2022-05-31 09:51:00+05:30,0.5,0.5,0.5,0.5,0,21850
734,2022-05-31 09:52:00+05:30,0.5,0.5,0.5,0.5,0,21850
735,2022-05-31 09:53:00+05:30,0.5,0.5,0.5,0.5,0,21850
736,2022-05-31 09:54:00+05:30,0.5,0.5,0.5,0.5,0,21850
737,2022-05-31 09:55:00+05:30,0.6,0.6,0.6,0.6,0,20950
738,2022-05-31 09:56:00+05:30,0.55,0.55,0.55,0.55,0,20950
739,2022-05-31 09:57:00+05:30,0.55,0.55,0.55,0.55,0,20950
740,2022-05-31 09:58:00+05:30,0.55,0.55,0.55,0.55,0,20950
741,2022-05-31 09:59:00+05:30,0.55,0.55,0.55,0.55,0,20950
742,2022-05-31 10:00:00+05:30,0.55,0.55,0.55,0.55,0,20950
743,2022-05-31 10:01:00+05:30,0.55,0.55,0.55,0.55,0,20950
744,2022-05-31 10:02:00+05:30,0.55,0.55,0.55,0.55,0,20950
745,2022-05-31 10:03:00+05:30,0.55,0.55,0.55,0.55,0,20950
746,2022-05-31 10:04:00+05:30,0.55,0.55,0.55,0.55,0,20950
747,2022-05-31 10:05:00+05:30,0.55,0.55,0.55,0.55,0,20950
748,2022-05-31 10:06:00+05:30,0.55,0.55,0.55,0.55,0,20950
749,2022-05-31 10:07:00+05:30,0.55,0.55,0.55,0.55,50,21000
750,2022-05-31 10:08:00+05:30,0.55,0.55,0.55,0.55,0,21000
751,2022-05-31 10:09:00+05:30,0.55,0.55,0.55,0.55,0,21000
752,2022-05-31 10:10:00+05:30,0.55,0.55,0.55,0.55,0,21000
753,2022-05-31 10:11:00+05:30,0.6,0.6,0.6,0.6,50,21000
754,2022-05-31 10:12:00+05:30,0.6,0.6,0.6,0.6,0,21000
755,2022-05-31 10:13:00+05:30,0.6,0.6,0.6,0.6,0,21000
756,2022-05-31 10:14:00+05:30,0.6,0.6,0.6,0.6,0,21000
757,2022-05-31 10:15:00+05:30,0.6,0.6,0.6,0.6,0,21000
758,2022-05-31 10:16:00+05:30,0.6,0.6,0.6,0.6,0,21000
759,2022-05-31 10:17:00+05:30,0.6,0.6,0.6,0.6,0,21000
760,2022-05-31 10:18:00+05:30,0.6,0.6,0.55,0.55,50,21050
761,2022-05-31 10:19:00+05:30,0.55,0.55,0.55,0.55,0,21050
762,2022-05-31 10:20:00+05:30,0.55,0.55,0.55,0.55,0,21050
763,2022-05-31 10:23:00+05:30,0.55,0.55,0.55,0.55,0,21050
764,2022-05-31 10:25:00+05:30,0.55,0.55,0.55,0.55,0,21050
765,2022-05-31 10:28:00+05:30,0.55,0.55,0.55,0.55,0,21050
766,2022-05-31 10:29:00+05:30,0.55,0.55,0.55,0.55,0,21050
767,2022-05-31 10:30:00+05:30,0.55,0.55,0.55,0.55,250,21050
768,2022-05-31 10:32:00+05:30,0.55,0.55,0.55,0.55,500,21050
769,2022-05-31 10:33:00+05:30,0.55,0.55,0.5,0.5,200,21050
770,2022-05-31 10:34:00+05:30,0.5,0.5,0.5,0.5,0,21050
771,2022-05-31 10:38:00+05:30,0.5,0.5,0.5,0.5,0,21050
772,2022-05-31 10:39:00+05:30,0.5,0.5,0.5,0.5,0,21050
773,2022-05-31 10:42:00+05:30,0.5,0.5,0.5,0.5,0,21050
774,2022-05-31 10:44:00+05:30,0.5,0.5,0.5,0.5,0,21050
775,2022-05-31 10:45:00+05:30,0.5,0.5,0.5,0.5,0,21050
776,2022-05-31 10:48:00+05:30,0.5,0.5,0.5,0.5,0,21050
777,2022-05-31 10:49:00+05:30,0.5,0.5,0.5,0.5,0,21050
778,2022-05-31 10:51:00+05:30,0.5,0.5,0.5,0.5,0,21050
779,2022-05-31 10:55:00+05:30,0.5,0.5,0.5,0.5,0,21050
780,2022-05-31 10:56:00+05:30,0.5,0.5,0.5,0.5,0,21050
781,2022-05-31 10:58:00+05:30,0.5,0.5,0.5,0.5,0,21050
782,2022-05-31 10:59:00+05:30,0.5,0.5,0.5,0.5,0,21050
783,2022-05-31 11:00:00+05:30,0.5,0.5,0.5,0.5,0,21050
784,2022-05-31 11:01:00+05:30,0.5,0.5,0.5,0.5,0,21050
785,2022-05-31 11:03:00+05:30,0.5,0.5,0.5,0.5,0,20350
786,2022-05-31 11:04:00+05:30,0.5,0.5,0.5,0.5,0,20350
787,2022-05-31 11:05:00+05:30,0.5,0.5,0.5,0.5,0,20350
788,2022-05-31 11:06:00+05:30,0.5,0.5,0.5,0.5,50,20250
789,2022-05-31 11:07:00+05:30,0.5,0.5,0.5,0.5,0,20250
790,2022-05-31 11:09:00+05:30,0.5,0.5,0.5,0.5,0,20250
791,2022-05-31 11:10:00+05:30,0.5,0.5,0.5,0.5,150,20200
792,2022-05-31 11:11:00+05:30,0.5,0.5,0.5,0.5,0,20200
793,2022-05-31 11:12:00+05:30,0.5,0.5,0.5,0.5,0,20200
794,2022-05-31 11:13:00+05:30,0.5,0.5,0.5,0.5,0,20200
795,2022-05-31 11:16:00+05:30,0.5,0.5,0.5,0.5,0,20200
796,2022-05-31 11:29:00+05:30,0.55,0.55,0.55,0.55,200,20150
797,2022-05-31 11:30:00+05:30,0.55,0.55,0.55,0.55,0,20150
798,2022-05-31 11:34:00+05:30,0.55,0.55,0.55,0.55,50,20150
799,2022-05-31 11:39:00+05:30,0.55,0.55,0.55,0.55,0,20150
800,2022-05-31 11:44:00+05:30,0.55,0.55,0.55,0.55,0,20150
801,2022-05-31 11:45:00+05:30,0.55,0.55,0.55,0.55,0,20150
802,2022-05-31 11:46:00+05:30,0.55,0.55,0.55,0.55,0,20150
803,2022-05-31 11:47:00+05:30,0.55,0.55,0.55,0.55,0,20150
804,2022-05-31 11:48:00+05:30,0.55,0.55,0.55,0.55,0,20150
805,2022-05-31 11:50:00+05:30,0.55,0.55,0.55,0.55,0,20150
806,2022-05-31 11:52:00+05:30,0.45,0.45,0.45,0.45,100,20150
807,2022-05-31 12:00:00+05:30,0.55,0.55,0.55,0.55,50,20050
808,2022-05-31 12:02:00+05:30,0.55,0.55,0.55,0.55,150,20050
809,2022-05-31 12:03:00+05:30,0.55,0.55,0.5,0.5,6000,20050
810,2022-05-31 12:04:00+05:30,0.5,0.5,0.5,0.5,12000,20050
811,2022-05-31 12:05:00+05:30,0.5,0.5,0.5,0.5,17600,25850
812,2022-05-31 12:06:00+05:30,0.5,0.5,0.5,0.5,0,25850
813,2022-05-31 12:07:00+05:30,0.5,0.5,0.5,0.5,0,25850
814,2022-05-31 12:08:00+05:30,0.5,0.5,0.5,0.5,0,25850
815,2022-05-31 12:09:00+05:30,0.5,0.5,0.5,0.5,0,25850
816,2022-05-31 12:10:00+05:30,0.5,0.5,0.5,0.5,0,25850
817,2022-05-31 12:11:00+05:30,0.5,0.5,0.5,0.5,0,25850
818,2022-05-31 12:12:00+05:30,0.5,0.5,0.5,0.5,0,25850
819,2022-05-31 12:13:00+05:30,0.5,0.5,0.5,0.5,0,25850
820,2022-05-31 12:14:00+05:30,0.5,0.5,0.5,0.5,0,25850
821,2022-05-31 12:15:00+05:30,0.5,0.5,0.5,0.5,0,25850
822,2022-05-31 12:16:00+05:30,0.5,0.5,0.5,0.5,0,25850
823,2022-05-31 12:17:00+05:30,0.5,0.5,0.5,0.5,0,25850
824,2022-05-31 12:18:00+05:30,0.5,0.5,0.5,0.5,0,25850
825,2022-05-31 12:19:00+05:30,0.5,0.5,0.45,0.45,50,20250
826,2022-05-31 12:20:00+05:30,0.45,0.45,0.45,0.45,0,20250
827,2022-05-31 12:21:00+05:30,0.45,0.45,0.45,0.45,0,20250
828,2022-05-31 12:23:00+05:30,0.45,0.45,0.45,0.45,0,20250
829,2022-05-31 12:24:00+05:30,0.45,0.45,0.45,0.45,1500,20250
830,2022-05-31 12:25:00+05:30,0.45,0.45,0.45,0.45,0,20250
831,2022-05-31 12:26:00+05:30,0.45,0.45,0.45,0.45,0,20250
832,2022-05-31 12:27:00+05:30,0.45,0.45,0.45,0.45,0,20250
833,2022-05-31 12:28:00+05:30,0.45,0.45,0.45,0.45,0,20250
834,2022-05-31 12:29:00+05:30,0.45,0.45,0.45,0.45,0,20250
835,2022-05-31 12:30:00+05:30,0.45,0.45,0.45,0.45,0,20250
836,2022-05-31 12:31:00+05:30,0.45,0.45,0.45,0.45,0,20250
837,2022-05-31 12:32:00+05:30,0.45,0.45,0.45,0.45,0,20250
838,2022-05-31 12:33:00+05:30,0.45,0.45,0.45,0.45,0,20250
839,2022-05-31 12:34:00+05:30,0.45,0.45,0.45,0.45,0,20250
840,2022-05-31 12:36:00+05:30,0.45,0.45,0.45,0.45,0,20250
841,2022-05-31 12:37:00+05:30,0.45,0.45,0.45,0.45,0,20250
842,2022-05-31 12:38:00+05:30,0.45,0.45,0.45,0.45,0,20250
843,2022-05-31 12:39:00+05:30,0.45,0.45,0.45,0.45,0,20250
844,2022-05-31 12:40:00+05:30,0.45,0.45,0.45,0.45,0,20250
845,2022-05-31 12:41:00+05:30,0.45,0.45,0.45,0.45,0,20250
846,2022-05-31 12:42:00+05:30,0.45,0.45,0.45,0.45,0,20250
847,2022-05-31 12:43:00+05:30,0.45,0.45,0.45,0.45,0,20250
848,2022-05-31 12:44:00+05:30,0.45,0.45,0.45,0.45,0,20250
849,2022-05-31 12:45:00+05:30,0.45,0.45,0.45,0.45,0,20250
850,2022-05-31 12:46:00+05:30,0.45,0.45,0.45,0.45,0,20250
851,2022-05-31 12:47:00+05:30,0.45,0.45,0.45,0.45,0,20250
852,2022-05-31 12:48:00+05:30,0.45,0.45,0.45,0.45,0,20250
853,2022-05-31 12:49:00+05:30,0.45,0.45,0.45,0.45,0,20250
854,2022-05-31 12:50:00+05:30,0.45,0.45,0.45,0.45,0,20250
855,2022-05-31 12:51:00+05:30,0.45,0.45,0.45,0.45,0,20250
856,2022-05-31 12:52:00+05:30,0.45,0.45,0.45,0.45,0,20250
857,2022-05-31 12:53:00+05:30,0.45,0.45,0.45,0.45,0,20250
858,2022-05-31 12:54:00+05:30,0.45,0.45,0.45,0.45,0,20250
859,2022-05-31 12:55:00+05:30,0.45,0.45,0.45,0.45,0,20250
860,2022-05-31 12:56:00+05:30,0.45,0.45,0.45,0.45,0,20250
861,2022-05-31 12:57:00+05:30,0.45,0.45,0.45,0.45,0,20250
862,2022-05-31 12:58:00+05:30,0.45,0.45,0.45,0.45,0,20250
863,2022-05-31 12:59:00+05:30,0.45,0.45,0.45,0.45,400,20100
864,2022-05-31 13:00:00+05:30,0.45,0.45,0.45,0.45,0,20100
865,2022-05-31 13:01:00+05:30,0.45,0.45,0.45,0.45,0,20100
866,2022-05-31 13:02:00+05:30,0.4,0.4,0.4,0.4,100,20050
867,2022-05-31 13:03:00+05:30,0.4,0.4,0.4,0.4,100,20050
868,2022-05-31 13:04:00+05:30,0.4,0.4,0.4,0.4,0,20050
869,2022-05-31 13:05:00+05:30,0.4,0.4,0.4,0.4,0,20050
870,2022-05-31 13:06:00+05:30,0.4,0.4,0.4,0.4,0,20050
871,2022-05-31 13:09:00+05:30,0.4,0.4,0.4,0.4,0,20050
872,2022-05-31 13:11:00+05:30,0.4,0.4,0.4,0.4,0,20050
873,2022-05-31 13:12:00+05:30,0.4,0.4,0.4,0.4,0,20050
874,2022-05-31 13:13:00+05:30,0.4,0.4,0.4,0.4,0,20050
875,2022-05-31 13:14:00+05:30,0.4,0.4,0.4,0.4,0,20050
876,2022-05-31 13:15:00+05:30,0.4,0.4,0.4,0.4,0,20050
877,2022-05-31 13:16:00+05:30,0.4,0.4,0.4,0.4,0,20050
878,2022-05-31 13:17:00+05:30,0.4,0.4,0.4,0.4,0,20050
879,2022-05-31 13:18:00+05:30,0.4,0.4,0.4,0.4,0,20050
880,2022-05-31 13:19:00+05:30,0.4,0.4,0.4,0.4,0,20050
881,2022-05-31 13:20:00+05:30,0.4,0.4,0.4,0.4,0,20050
882,2022-05-31 13:21:00+05:30,0.4,0.4,0.4,0.4,0,20050
883,2022-05-31 13:22:00+05:30,0.4,0.4,0.4,0.4,0,20050
884,2022-05-31 13:23:00+05:30,0.4,0.4,0.4,0.4,0,20050
885,2022-05-31 13:24:00+05:30,0.4,0.4,0.4,0.4,0,20050
886,2022-05-31 13:25:00+05:30,0.4,0.4,0.4,0.4,0,20050
887,2022-05-31 13:26:00+05:30,0.4,0.4,0.4,0.4,0,20050
888,2022-05-31 13:27:00+05:30,0.4,0.4,0.4,0.4,0,20050
889,2022-05-31 13:28:00+05:30,0.4,0.4,0.4,0.4,0,20050
890,2022-05-31 13:29:00+05:30,0.4,0.4,0.4,0.4,0,20050
891,2022-05-31 13:30:00+05:30,0.4,0.4,0.4,0.4,0,20050
892,2022-05-31 13:31:00+05:30,0.4,0.4,0.4,0.4,50,20050
893,2022-05-31 13:32:00+05:30,0.4,0.4,0.4,0.4,0,20050
894,2022-05-31 13:33:00+05:30,0.4,0.4,0.4,0.4,0,20050
895,2022-05-31 13:34:00+05:30,0.4,0.4,0.4,0.4,0,20050
896,2022-05-31 13:35:00+05:30,0.4,0.4,0.4,0.4,0,20050
897,2022-05-31 13:36:00+05:30,0.4,0.45,0.4,0.45,0,20050
898,2022-05-31 13:37:00+05:30,0.45,0.45,0.4,0.4,50,20050
899,2022-05-31 13:38:00+05:30,0.4,0.4,0.4,0.4,200,20050
900,2022-05-31 13:39:00+05:30,0.4,0.4,0.4,0.4,0,20050
901,2022-05-31 13:40:00+05:30,0.4,0.4,0.4,0.4,0,20050
902,2022-05-31 13:41:00+05:30,0.4,0.4,0.4,0.4,0,20050
903,2022-05-31 13:43:00+05:30,0.4,0.4,0.4,0.4,0,20050
904,2022-05-31 13:44:00+05:30,0.4,0.4,0.4,0.4,0,20050
905,2022-05-31 13:45:00+05:30,0.4,0.4,0.4,0.4,0,20050
906,2022-05-31 13:46:00+05:30,0.4,0.4,0.4,0.4,0,20050
907,2022-05-31 13:47:00+05:30,0.4,0.4,0.4,0.4,0,20050
908,2022-05-31 13:48:00+05:30,0.4,0.4,0.4,0.4,0,20050
909,2022-05-31 13:49:00+05:30,0.4,0.4,0.4,0.4,0,20050
910,2022-05-31 13:51:00+05:30,0.4,0.4,0.4,0.4,0,20050
911,2022-05-31 13:52:00+05:30,0.4,0.4,0.4,0.4,0,20050
912,2022-05-31 13:53:00+05:30,0.4,0.4,0.4,0.4,0,20050
913,2022-05-31 13:54:00+05:30,0.4,0.4,0.4,0.4,0,20050
914,2022-05-31 13:56:00+05:30,0.4,0.4,0.4,0.4,0,20050
915,2022-05-31 14:01:00+05:30,0.4,0.4,0.4,0.4,0,20050
916,2022-05-31 14:02:00+05:30,0.4,0.4,0.4,0.4,0,20050
917,2022-05-31 14:03:00+05:30,0.4,0.4,0.4,0.4,0,20050
918,2022-05-31 14:06:00+05:30,0.4,0.4,0.4,0.4,0,20050
919,2022-05-31 14:12:00+05:30,0.4,0.4,0.4,0.4,0,20050
920,2022-05-31 14:15:00+05:30,0.4,0.4,0.4,0.4,0,20050
921,2022-05-31 14:17:00+05:30,0.4,0.4,0.4,0.4,0,20050
922,2022-05-31 14:19:00+05:30,0.4,0.45,0.4,0.45,450,20050
923,2022-05-31 14:21:00+05:30,0.45,0.45,0.45,0.45,0,20050
924,2022-05-31 14:24:00+05:30,0.45,0.45,0.45,0.45,0,20050
925,2022-05-31 14:25:00+05:30,0.45,0.45,0.4,0.4,0,20250
926,2022-05-31 14:26:00+05:30,0.4,0.4,0.4,0.4,0,20250
927,2022-05-31 14:27:00+05:30,0.4,0.4,0.4,0.4,250,20000
928,2022-05-31 14:28:00+05:30,0.4,0.4,0.4,0.4,0,20000
929,2022-05-31 14:29:00+05:30,0.4,0.4,0.4,0.4,0,20000
930,2022-05-31 14:30:00+05:30,0.4,0.4,0.4,0.4,0,20000
931,2022-05-31 14:31:00+05:30,0.4,0.4,0.4,0.4,0,20000
932,2022-05-31 14:32:00+05:30,0.4,0.4,0.4,0.4,0,20000
933,2022-05-31 14:33:00+05:30,0.5,0.5,0.5,0.5,50,19850
934,2022-05-31 14:34:00+05:30,0.4,0.4,0.4,0.4,50,19850
935,2022-05-31 14:35:00+05:30,0.4,0.4,0.4,0.4,0,19850
936,2022-05-31 14:36:00+05:30,0.4,0.4,0.4,0.4,0,19850
937,2022-05-31 14:39:00+05:30,0.4,0.4,0.4,0.4,0,19850
938,2022-05-31 14:42:00+05:30,0.4,0.4,0.4,0.4,0,19850
939,2022-05-31 14:43:00+05:30,0.4,0.4,0.4,0.4,0,19850
940,2022-05-31 14:46:00+05:30,0.4,0.4,0.4,0.4,0,19850
941,2022-05-31 14:47:00+05:30,0.4,0.4,0.4,0.4,0,19850
942,2022-05-31 14:49:00+05:30,0.4,0.4,0.4,0.4,0,19850
943,2022-05-31 14:50:00+05:30,0.4,0.4,0.4,0.4,0,19850
944,2022-05-31 14:51:00+05:30,0.4,0.4,0.4,0.4,50,19850
945,2022-05-31 14:52:00+05:30,0.4,0.4,0.4,0.4,0,19850
946,2022-05-31 14:54:00+05:30,0.4,0.4,0.4,0.4,0,19850
947,2022-05-31 14:55:00+05:30,0.4,0.4,0.4,0.4,0,19850
948,2022-05-31 14:56:00+05:30,0.4,0.4,0.4,0.4,0,19850
949,2022-05-31 14:57:00+05:30,0.4,0.4,0.4,0.4,0,19850
950,2022-05-31 14:58:00+05:30,0.4,0.4,0.4,0.4,0,19850
951,2022-05-31 14:59:00+05:30,0.4,0.4,0.4,0.4,0,19850
952,2022-05-31 15:00:00+05:30,0.4,0.4,0.4,0.4,0,19850
953,2022-05-31 15:01:00+05:30,0.4,0.4,0.4,0.4,0,19850
954,2022-05-31 15:02:00+05:30,0.4,0.4,0.4,0.4,0,19850
955,2022-05-31 15:03:00+05:30,0.4,0.4,0.4,0.4,0,19850
956,2022-05-31 15:04:00+05:30,0.4,0.4,0.4,0.4,0,19850
957,2022-05-31 15:05:00+05:30,0.4,0.4,0.4,0.4,0,19850
958,2022-05-31 15:06:00+05:30,0.4,0.4,0.4,0.4,0,19850
959,2022-05-31 15:07:00+05:30,0.4,0.4,0.4,0.4,0,19850
960,2022-05-31 15:08:00+05:30,0.4,0.4,0.4,0.4,0,19850
961,2022-05-31 15:09:00+05:30,0.4,0.4,0.4,0.4,0,19850
962,2022-05-31 15:10:00+05:30,0.4,0.4,0.4,0.4,0,19850
963,2022-05-31 15:11:00+05:30,0.4,0.4,0.4,0.4,0,19850
964,2022-05-31 15:12:00+05:30,0.4,0.4,0.4,0.4,0,19850
965,2022-05-31 15:13:00+05:30,0.4,0.4,0.4,0.4,0,19850
966,2022-05-31 15:14:00+05:30,0.4,0.4,0.4,0.4,0,19850
967,2022-05-31 15:15:00+05:30,0.4,0.4,0.4,0.4,0,19850
968,2022-05-31 15:16:00+05:30,0.4,0.4,0.4,0.4,0,19850
969,2022-05-31 15:17:00+05:30,0.4,0.4,0.4,0.4,500,19850
970,2022-05-31 15:18:00+05:30,0.4,0.4,0.4,0.4,0,19850
971,2022-05-31 15:19:00+05:30,0.4,0.4,0.4,0.4,0,19850
972,2022-05-31 15:22:00+05:30,0.4,0.4,0.4,0.4,0,19850
973,2022-05-31 15:26:00+05:30,0.4,0.4,0.4,0.4,100,19800
974,2022-05-31 15:27:00+05:30,0.4,0.4,0.4,0.4,0,19800
975,2022-05-31 15:29:00+05:30,0.4,0.4,0.4,0.4,100,19800
976,2022-06-01 09:34:00+05:30,0.4,0.4,0.4,0.4,950,19800
977,2022-06-01 09:35:00+05:30,0.4,0.4,0.4,0.4,0,19800
978,2022-06-01 09:38:00+05:30,0.4,0.4,0.4,0.4,200,19800
979,2022-06-01 09:39:00+05:30,0.4,0.4,0.4,0.4,500,19800
980,2022-06-01 09:40:00+05:30,0.4,0.4,0.4,0.4,700,19800
981,2022-06-01 09:41:00+05:30,0.4,0.4,0.4,0.4,0,19800
982,2022-06-01 09:42:00+05:30,0.35,0.35,0.35,0.35,100,20100
983,2022-06-01 09:45:00+05:30,0.35,0.35,0.35,0.35,0,20100
984,2022-06-01 09:46:00+05:30,0.35,0.35,0.35,0.35,0,20100
985,2022-06-01 09:48:00+05:30,0.35,0.35,0.35,0.35,0,20100
986,2022-06-01 09:50:00+05:30,0.35,0.35,0.35,0.35,0,20100
987,2022-06-01 09:52:00+05:30,0.35,0.35,0.35,0.35,0,20100
988,2022-06-01 09:54:00+05:30,0.4,0.4,0.4,0.4,0,20000
989,2022-06-01 10:01:00+05:30,0.4,0.4,0.4,0.4,0,20000
990,2022-06-01 10:04:00+05:30,0.4,0.4,0.4,0.4,0,20000
991,2022-06-01 10:06:00+05:30,0.4,0.4,0.4,0.4,0,20000
992,2022-06-01 10:15:00+05:30,0.4,0.4,0.4,0.4,0,20000
993,2022-06-01 10:17:00+05:30,0.4,0.4,0.4,0.4,50,19550
994,2022-06-01 10:24:00+05:30,0.4,0.4,0.4,0.4,0,19550
995,2022-06-01 10:26:00+05:30,0.4,0.4,0.4,0.4,0,19550
996,2022-06-01 10:27:00+05:30,0.4,0.4,0.4,0.4,0,19550
997,2022-06-01 10:28:00+05:30,0.4,0.4,0.4,0.4,0,19550
998,2022-06-01 10:30:00+05:30,0.4,0.4,0.4,0.4,0,19550
999,2022-06-01 10:32:00+05:30,0.4,0.4,0.4,0.4,0,19550
1000,2022-06-01 10:41:00+05:30,0.4,0.4,0.4,0.4,50,19550
1001,2022-06-01 10:43:00+05:30,0.4,0.4,0.4,0.4,100,19550
1002,2022-06-01 10:44:00+05:30,0.4,0.4,0.4,0.4,0,19550
1003,2022-06-01 10:51:00+05:30,0.4,0.4,0.4,0.4,0,19550
1004,2022-06-01 10:52:00+05:30,0.4,0.4,0.4,0.4,0,19550
1005,2022-06-01 10:53:00+05:30,0.4,0.4,0.4,0.4,0,19550
1006,2022-06-01 10:59:00+05:30,0.4,0.4,0.4,0.4,0,19550
1007,2022-06-01 11:02:00+05:30,0.4,0.4,0.4,0.4,0,19550
1008,2022-06-01 11:04:00+05:30,0.4,0.4,0.4,0.4,0,19550
1009,2022-06-01 11:07:00+05:30,0.4,0.4,0.4,0.4,0,19550
1010,2022-06-01 11:09:00+05:30,0.4,0.4,0.4,0.4,0,19550
1011,2022-06-01 11:10:00+05:30,0.4,0.4,0.4,0.4,0,19550
1012,2022-06-01 11:11:00+05:30,0.4,0.4,0.4,0.4,0,19550
1013,2022-06-01 11:12:00+05:30,0.4,0.4,0.4,0.4,0,19550
1014,2022-06-01 11:14:00+05:30,0.35,0.35,0.35,0.35,0,19550
1015,2022-06-01 11:16:00+05:30,0.3,0.3,0.3,0.3,50,19550
1016,2022-06-01 11:17:00+05:30,0.35,0.35,0.35,0.35,450,19550
1017,2022-06-01 11:19:00+05:30,0.35,0.35,0.35,0.35,0,19550
1018,2022-06-01 11:20:00+05:30,0.35,0.35,0.35,0.35,0,19550
1019,2022-06-01 11:21:00+05:30,0.35,0.35,0.35,0.35,0,19550
1020,2022-06-01 11:26:00+05:30,0.35,0.35,0.35,0.35,0,19550
1021,2022-06-01 11:27:00+05:30,0.35,0.35,0.35,0.35,0,19550
1022,2022-06-01 11:28:00+05:30,0.35,0.4,0.35,0.4,250,19550
1023,2022-06-01 11:29:00+05:30,0.4,0.4,0.4,0.4,0,19550
1024,2022-06-01 11:30:00+05:30,0.4,0.4,0.4,0.4,0,19550
1025,2022-06-01 11:31:00+05:30,0.35,0.35,0.35,0.35,150,19550
1026,2022-06-01 11:32:00+05:30,0.35,0.35,0.35,0.35,0,19550
1027,2022-06-01 11:34:00+05:30,0.35,0.35,0.35,0.35,0,19550
1028,2022-06-01 11:35:00+05:30,0.35,0.35,0.35,0.35,0,19550
1029,2022-06-01 11:36:00+05:30,0.35,0.35,0.35,0.35,0,19550
1030,2022-06-01 11:38:00+05:30,0.35,0.35,0.35,0.35,0,19550
1031,2022-06-01 11:40:00+05:30,0.35,0.35,0.35,0.35,0,19550
1032,2022-06-01 11:42:00+05:30,0.35,0.35,0.35,0.35,0,19550
1033,2022-06-01 11:43:00+05:30,0.35,0.35,0.35,0.35,550,19550
1034,2022-06-01 11:44:00+05:30,0.35,0.35,0.35,0.35,0,19550
1035,2022-06-01 11:47:00+05:30,0.35,0.35,0.35,0.35,350,18850
1036,2022-06-01 11:48:00+05:30,0.4,0.4,0.4,0.4,50,18850
1037,2022-06-01 11:54:00+05:30,0.35,0.35,0.35,0.35,500,18850
1038,2022-06-01 11:57:00+05:30,0.35,0.35,0.35,0.35,0,18850
1039,2022-06-01 11:58:00+05:30,0.35,0.35,0.35,0.35,0,18850
1040,2022-06-01 11:59:00+05:30,0.35,0.35,0.35,0.35,0,18850
1041,2022-06-01 12:04:00+05:30,0.35,0.35,0.35,0.35,0,18850
1042,2022-06-01 12:07:00+05:30,0.35,0.35,0.35,0.35,1250,18850
1043,2022-06-01 12:08:00+05:30,0.4,0.4,0.4,0.4,750,18850
1044,2022-06-01 12:09:00+05:30,0.4,0.4,0.4,0.4,0,18850
1045,2022-06-01 12:10:00+05:30,0.4,0.4,0.4,0.4,0,18850
1046,2022-06-01 12:11:00+05:30,0.4,0.4,0.4,0.4,350,15700
1047,2022-06-01 12:12:00+05:30,0.4,0.4,0.4,0.4,0,15700
1048,2022-06-01 12:13:00+05:30,0.4,0.4,0.35,0.35,7500,15550
1049,2022-06-01 12:14:00+05:30,0.35,0.35,0.35,0.35,7400,15550
1050,2022-06-01 12:15:00+05:30,0.35,0.35,0.35,0.35,0,15550
1051,2022-06-01 12:16:00+05:30,0.35,0.35,0.35,0.35,0,15550
1052,2022-06-01 12:17:00+05:30,0.35,0.35,0.35,0.35,0,15550
1053,2022-06-01 12:18:00+05:30,0.35,0.35,0.35,0.35,0,15550
1054,2022-06-01 12:19:00+05:30,0.35,0.35,0.35,0.35,0,15550
1055,2022-06-01 12:20:00+05:30,0.35,0.35,0.35,0.35,0,15550
1056,2022-06-01 12:21:00+05:30,0.35,0.35,0.35,0.35,0,15550
1057,2022-06-01 12:22:00+05:30,0.35,0.35,0.35,0.35,0,15550
1058,2022-06-01 12:24:00+05:30,0.35,0.35,0.35,0.35,0,15550
1059,2022-06-01 12:25:00+05:30,0.35,0.35,0.35,0.35,0,15550
1060,2022-06-01 12:26:00+05:30,0.35,0.35,0.35,0.35,0,15550
1061,2022-06-01 12:27:00+05:30,0.35,0.35,0.35,0.35,0,15550
1062,2022-06-01 12:29:00+05:30,0.35,0.35,0.35,0.35,0,15550
1063,2022-06-01 12:30:00+05:30,0.35,0.35,0.35,0.35,0,15550
1064,2022-06-01 12:31:00+05:30,0.35,0.35,0.35,0.35,0,15550
1065,2022-06-01 12:32:00+05:30,0.35,0.35,0.35,0.35,0,15550
1066,2022-06-01 12:33:00+05:30,0.35,0.35,0.35,0.35,0,15550
1067,2022-06-01 12:34:00+05:30,0.35,0.35,0.35,0.35,0,15550
1068,2022-06-01 12:35:00+05:30,0.35,0.35,0.35,0.35,0,15550
1069,2022-06-01 12:37:00+05:30,0.35,0.35,0.35,0.35,0,15550
1070,2022-06-01 12:39:00+05:30,0.35,0.35,0.35,0.35,0,15550
1071,2022-06-01 12:40:00+05:30,0.35,0.35,0.35,0.35,0,15550
1072,2022-06-01 12:41:00+05:30,0.35,0.35,0.35,0.35,0,15550
1073,2022-06-01 12:42:00+05:30,0.35,0.35,0.35,0.35,0,15550
1074,2022-06-01 12:44:00+05:30,0.35,0.35,0.35,0.35,0,15550
1075,2022-06-01 12:45:00+05:30,0.35,0.35,0.35,0.35,0,15550
1076,2022-06-01 12:46:00+05:30,0.35,0.35,0.35,0.35,0,15550
1077,2022-06-01 12:47:00+05:30,0.35,0.35,0.35,0.35,0,15550
1078,2022-06-01 12:48:00+05:30,0.35,0.35,0.35,0.35,0,15550
1079,2022-06-01 12:49:00+05:30,0.35,0.35,0.35,0.35,0,15550
1080,2022-06-01 12:50:00+05:30,0.35,0.35,0.35,0.35,0,15550
1081,2022-06-01 12:51:00+05:30,0.35,0.35,0.35,0.35,0,15550
1082,2022-06-01 12:52:00+05:30,0.35,0.35,0.35,0.35,0,15550
1083,2022-06-01 12:53:00+05:30,0.35,0.35,0.35,0.35,0,15550
1084,2022-06-01 12:54:00+05:30,0.35,0.35,0.35,0.35,0,15550
1085,2022-06-01 12:55:00+05:30,0.35,0.35,0.35,0.35,0,15550
1086,2022-06-01 12:56:00+05:30,0.35,0.35,0.35,0.35,0,15550
1087,2022-06-01 12:57:00+05:30,0.35,0.35,0.35,0.35,0,15550
1088,2022-06-01 12:58:00+05:30,0.35,0.35,0.35,0.35,0,15550
1089,2022-06-01 12:59:00+05:30,0.35,0.35,0.35,0.35,0,15550
1090,2022-06-01 13:00:00+05:30,0.35,0.35,0.35,0.35,0,15550
1091,2022-06-01 13:01:00+05:30,0.35,0.35,0.35,0.35,0,15550
1092,2022-06-01 13:02:00+05:30,0.35,0.35,0.35,0.35,0,15550
1093,2022-06-01 13:03:00+05:30,0.35,0.35,0.35,0.35,0,15550
1094,2022-06-01 13:04:00+05:30,0.35,0.35,0.35,0.35,0,15550
1095,2022-06-01 13:05:00+05:30,0.35,0.35,0.35,0.35,0,15550
1096,2022-06-01 13:06:00+05:30,0.35,0.35,0.35,0.35,0,15550
1097,2022-06-01 13:07:00+05:30,0.35,0.35,0.35,0.35,0,15550
1098,2022-06-01 13:08:00+05:30,0.35,0.35,0.35,0.35,0,15550
1099,2022-06-01 13:09:00+05:30,0.35,0.35,0.35,0.35,0,15550
1100,2022-06-01 13:10:00+05:30,0.35,0.35,0.35,0.35,0,15550
1101,2022-06-01 13:11:00+05:30,0.35,0.35,0.35,0.35,0,15550
1102,2022-06-01 13:12:00+05:30,0.35,0.35,0.35,0.35,0,15550
1103,2022-06-01 13:13:00+05:30,0.35,0.35,0.35,0.35,0,15550
1104,2022-06-01 13:14:00+05:30,0.35,0.35,0.35,0.35,0,15550
1105,2022-06-01 13:15:00+05:30,0.35,0.35,0.35,0.35,0,15550
1106,2022-06-01 13:17:00+05:30,0.35,0.35,0.35,0.35,0,15550
1107,2022-06-01 13:22:00+05:30,0.4,0.4,0.4,0.4,100,16750
1108,2022-06-01 13:23:00+05:30,0.4,0.4,0.4,0.4,0,16750
1109,2022-06-01 13:24:00+05:30,0.4,0.4,0.4,0.4,0,16750
1110,2022-06-01 13:25:00+05:30,0.4,0.4,0.4,0.4,0,16750
1111,2022-06-01 13:29:00+05:30,0.4,0.4,0.4,0.4,250,16650
1112,2022-06-01 13:33:00+05:30,0.4,0.4,0.4,0.4,0,16650
1113,2022-06-01 13:34:00+05:30,0.4,0.4,0.4,0.4,50,16650
1114,2022-06-01 13:36:00+05:30,0.4,0.4,0.4,0.4,0,16650
1115,2022-06-01 13:40:00+05:30,0.35,0.35,0.35,0.35,50,16950
1116,2022-06-01 13:41:00+05:30,0.4,0.45,0.4,0.45,1000,16950
1117,2022-06-01 13:42:00+05:30,0.45,0.45,0.45,0.45,2050,16950
1118,2022-06-01 13:43:00+05:30,0.45,0.45,0.45,0.45,0,16950
1119,2022-06-01 13:44:00+05:30,0.45,0.45,0.45,0.45,0,16950
1120,2022-06-01 13:45:00+05:30,0.45,0.45,0.45,0.45,0,16950
1121,2022-06-01 13:46:00+05:30,0.45,0.45,0.45,0.45,0,16950
1122,2022-06-01 13:47:00+05:30,0.4,0.4,0.4,0.4,0,15650
1123,2022-06-01 13:48:00+05:30,0.4,0.4,0.4,0.4,0,15650
1124,2022-06-01 13:49:00+05:30,0.4,0.4,0.4,0.4,0,15650
1125,2022-06-01 13:50:00+05:30,0.4,0.4,0.4,0.4,0,15650
1126,2022-06-01 13:51:00+05:30,0.4,0.4,0.4,0.4,0,15650
1127,2022-06-01 13:52:00+05:30,0.4,0.4,0.4,0.4,0,15650
1128,2022-06-01 13:53:00+05:30,0.4,0.4,0.4,0.4,0,15650
1129,2022-06-01 13:54:00+05:30,0.4,0.4,0.4,0.4,0,15650
1130,2022-06-01 13:55:00+05:30,0.4,0.4,0.4,0.4,250,15600
1131,2022-06-01 13:56:00+05:30,0.4,0.4,0.4,0.4,0,15600
1132,2022-06-01 13:57:00+05:30,0.4,0.4,0.4,0.4,0,15600
1133,2022-06-01 13:58:00+05:30,0.4,0.4,0.4,0.4,0,15600
1134,2022-06-01 13:59:00+05:30,0.4,0.4,0.4,0.4,0,15600
1135,2022-06-01 14:00:00+05:30,0.4,0.4,0.4,0.4,50,15350
1136,2022-06-01 14:01:00+05:30,0.4,0.4,0.4,0.4,0,15350
1137,2022-06-01 14:02:00+05:30,0.4,0.4,0.4,0.4,0,15350
1138,2022-06-01 14:03:00+05:30,0.4,0.4,0.4,0.4,0,15350
1139,2022-06-01 14:04:00+05:30,0.4,0.4,0.4,0.4,0,15350
1140,2022-06-01 14:05:00+05:30,0.4,0.4,0.4,0.4,0,15350
1141,2022-06-01 14:06:00+05:30,0.4,0.4,0.4,0.4,0,15350
1142,2022-06-01 14:08:00+05:30,0.4,0.4,0.4,0.4,0,15350
1143,2022-06-01 14:09:00+05:30,0.4,0.4,0.4,0.4,0,15350
1144,2022-06-01 14:10:00+05:30,0.4,0.4,0.35,0.35,250,15300
1145,2022-06-01 14:11:00+05:30,0.35,0.4,0.35,0.4,750,15300
1146,2022-06-01 14:12:00+05:30,0.4,0.4,0.4,0.4,0,15300
1147,2022-06-01 14:13:00+05:30,0.4,0.4,0.4,0.4,0,15300
1148,2022-06-01 14:14:00+05:30,0.4,0.4,0.4,0.4,0,15300
1149,2022-06-01 14:15:00+05:30,0.4,0.4,0.4,0.4,700,14450
1150,2022-06-01 14:16:00+05:30,0.4,0.4,0.4,0.4,0,14450
1151,2022-06-01 14:17:00+05:30,0.4,0.4,0.4,0.4,0,14450
1152,2022-06-01 14:18:00+05:30,0.4,0.4,0.4,0.4,0,14450
1153,2022-06-01 14:19:00+05:30,0.45,0.45,0.45,0.45,250,14450
1154,2022-06-01 14:20:00+05:30,0.45,0.45,0.45,0.45,0,14450
1155,2022-06-01 14:21:00+05:30,0.45,0.45,0.45,0.45,0,14450
1156,2022-06-01 14:22:00+05:30,0.45,0.45,0.45,0.45,0,14450
1157,2022-06-01 14:23:00+05:30,0.45,0.45,0.45,0.45,0,14450
1158,2022-06-01 14:24:00+05:30,0.45,0.45,0.45,0.45,0,14450
1159,2022-06-01 14:25:00+05:30,0.45,0.45,0.45,0.45,0,14450
1160,2022-06-01 14:26:00+05:30,0.45,0.45,0.45,0.45,0,14450
1161,2022-06-01 14:27:00+05:30,0.45,0.45,0.45,0.45,0,14450
1162,2022-06-01 14:28:00+05:30,0.45,0.45,0.45,0.45,0,14450
1163,2022-06-01 14:29:00+05:30,0.45,0.45,0.45,0.45,0,14450
1164,2022-06-01 14:30:00+05:30,0.45,0.45,0.4,0.4,1500,14550
1165,2022-06-01 14:31:00+05:30,0.4,0.4,0.4,0.4,0,14550
1166,2022-06-01 14:33:00+05:30,0.4,0.4,0.4,0.4,0,14550
1167,2022-06-01 14:34:00+05:30,0.4,0.4,0.4,0.4,0,14550
1168,2022-06-01 14:35:00+05:30,0.4,0.4,0.35,0.35,0,13600
1169,2022-06-01 14:36:00+05:30,0.35,0.35,0.35,0.35,0,13600
1170,2022-06-01 14:37:00+05:30,0.35,0.35,0.35,0.35,0,13600
1171,2022-06-01 14:39:00+05:30,0.35,0.35,0.35,0.35,1500,13600
1172,2022-06-01 14:40:00+05:30,0.35,0.35,0.35,0.35,0,13600
1173,2022-06-01 14:41:00+05:30,0.35,0.35,0.35,0.35,0,13600
1174,2022-06-01 14:42:00+05:30,0.35,0.35,0.35,0.35,0,13600
1175,2022-06-01 14:43:00+05:30,0.35,0.35,0.35,0.35,0,13600
1176,2022-06-01 14:44:00+05:30,0.35,0.35,0.35,0.35,0,13600
1177,2022-06-01 14:45:00+05:30,0.35,0.35,0.35,0.35,0,13600
1178,2022-06-01 14:46:00+05:30,0.35,0.45,0.35,0.45,1000,13250
1179,2022-06-01 14:47:00+05:30,0.45,0.45,0.35,0.35,250,13250
1180,2022-06-01 14:48:00+05:30,0.35,0.35,0.35,0.35,0,13250
1181,2022-06-01 14:49:00+05:30,0.35,0.35,0.35,0.35,0,13250
1182,2022-06-01 14:50:00+05:30,0.55,0.55,0.55,0.55,800,14300
1183,2022-06-01 14:51:00+05:30,0.55,0.55,0.55,0.55,0,14300
1184,2022-06-01 14:52:00+05:30,0.55,0.55,0.55,0.55,0,14300
1185,2022-06-01 14:53:00+05:30,0.5,0.5,0.5,0.5,500,14750
1186,2022-06-01 14:54:00+05:30,0.5,0.5,0.4,0.4,50,15250
1187,2022-06-01 14:55:00+05:30,0.4,0.45,0.4,0.45,50,15250
1188,2022-06-01 14:56:00+05:30,0.45,0.45,0.45,0.45,0,15250
1189,2022-06-01 14:57:00+05:30,0.45,0.45,0.45,0.45,0,15250
1190,2022-06-01 14:58:00+05:30,0.45,0.45,0.45,0.45,0,15250
1191,2022-06-01 14:59:00+05:30,0.45,0.45,0.45,0.45,0,15250
1192,2022-06-01 15:00:00+05:30,0.45,0.45,0.45,0.45,250,15250
1193,2022-06-01 15:01:00+05:30,0.45,0.45,0.45,0.45,0,15250
1194,2022-06-01 15:02:00+05:30,0.45,0.5,0.45,0.5,500,15250
1195,2022-06-01 15:03:00+05:30,0.5,0.5,0.5,0.5,0,15250
1196,2022-06-01 15:04:00+05:30,0.5,0.5,0.5,0.5,0,15250
1197,2022-06-01 15:05:00+05:30,0.5,0.5,0.5,0.5,0,15250
1198,2022-06-01 15:06:00+05:30,0.5,0.5,0.45,0.45,300,15350
1199,2022-06-01 15:07:00+05:30,0.45,0.5,0.45,0.5,700,15350
1200,2022-06-01 15:08:00+05:30,0.5,0.5,0.5,0.5,0,15350
1201,2022-06-01 15:09:00+05:30,0.5,0.5,0.5,0.5,0,15350
1202,2022-06-01 15:10:00+05:30,0.5,0.5,0.5,0.5,0,15350
1203,2022-06-01 15:11:00+05:30,0.5,0.5,0.5,0.5,50,15050
1204,2022-06-01 15:12:00+05:30,0.5,0.5,0.5,0.5,0,15050
1205,2022-06-01 15:13:00+05:30,0.5,0.5,0.5,0.5,0,15050
1206,2022-06-01 15:14:00+05:30,0.5,0.5,0.5,0.5,0,15050
1207,2022-06-01 15:15:00+05:30,0.5,0.5,0.5,0.5,0,15050
1208,2022-06-01 15:16:00+05:30,0.5,0.5,0.5,0.5,0,15050
1209,2022-06-01 15:17:00+05:30,0.5,0.5,0.5,0.5,0,15050
1210,2022-06-01 15:18:00+05:30,0.5,0.5,0.5,0.5,0,15050
1211,2022-06-01 15:19:00+05:30,0.5,0.5,0.45,0.45,250,15050
1212,2022-06-01 15:20:00+05:30,0.45,0.45,0.45,0.45,0,15050
1213,2022-06-01 15:21:00+05:30,0.45,0.45,0.45,0.45,350,15050
1214,2022-06-01 15:22:00+05:30,0.45,0.45,0.4,0.4,500,14500
1215,2022-06-01 15:23:00+05:30,0.4,0.4,0.4,0.4,0,14500
1216,2022-06-01 15:24:00+05:30,0.4,0.5,0.35,0.5,1450,14000
1217,2022-06-01 15:25:00+05:30,0.5,0.5,0.5,0.5,1100,14000
1218,2022-06-01 15:26:00+05:30,0.5,0.5,0.5,0.5,0,14000
1219,2022-06-01 15:27:00+05:30,0.5,0.5,0.5,0.5,0,14000
1220,2022-06-01 15:28:00+05:30,0.5,0.5,0.35,0.35,200,15150
1221,2022-06-01 15:29:00+05:30,0.35,0.55,0.35,0.55,200,15150
1222,2022-06-02 09:15:00+05:30,0.05,0.5,0.05,0.05,3950,14900
1223,2022-06-02 09:16:00+05:30,0.05,0.2,0.05,0.2,100,14900
1224,2022-06-02 09:17:00+05:30,0.2,0.2,0.2,0.2,1150,14800
1225,2022-06-02 09:18:00+05:30,0.2,0.3,0.2,0.3,500,14800
1226,2022-06-02 09:19:00+05:30,0.3,0.3,0.3,0.3,0,14800
1227,2022-06-02 09:20:00+05:30,0.3,0.3,0.3,0.3,1100,14800
1228,2022-06-02 09:21:00+05:30,0.3,0.3,0.3,0.3,0,14800
1229,2022-06-02 09:22:00+05:30,0.3,0.3,0.3,0.3,0,14800
1230,2022-06-02 09:23:00+05:30,0.3,0.3,0.3,0.3,450,13950
1231,2022-06-02 09:24:00+05:30,0.3,0.3,0.3,0.3,0,13950
1232,2022-06-02 09:25:00+05:30,0.3,0.3,0.3,0.3,0,13950
1233,2022-06-02 09:26:00+05:30,0.3,0.3,0.3,0.3,0,13950
1234,2022-06-02 09:27:00+05:30,0.3,0.3,0.3,0.3,0,13950
1235,2022-06-02 09:28:00+05:30,0.3,0.3,0.3,0.3,0,13950
1236,2022-06-02 09:29:00+05:30,0.3,0.3,0.3,0.3,0,13950
1237,2022-06-02 09:30:00+05:30,0.3,0.3,0.3,0.3,0,13950
1238,2022-06-02 09:31:00+05:30,0.3,0.3,0.2,0.2,1400,13950
1239,2022-06-02 09:32:00+05:30,0.2,0.2,0.2,0.2,0,13950
1240,2022-06-02 09:33:00+05:30,0.2,0.25,0.2,0.25,1000,12550
1241,2022-06-02 09:34:00+05:30,0.25,0.25,0.25,0.25,0,12550
1242,2022-06-02 09:35:00+05:30,0.25,0.25,0.25,0.25,0,12550
1243,2022-06-02 09:36:00+05:30,0.25,0.25,0.25,0.25,1000,11550
1244,2022-06-02 09:37:00+05:30,0.25,0.25,0.25,0.25,0,11550
1245,2022-06-02 09:38:00+05:30,0.25,0.25,0.25,0.25,0,11550
1246,2022-06-02 09:39:00+05:30,0.25,0.25,0.25,0.25,0,11550
1247,2022-06-02 09:40:00+05:30,0.25,0.25,0.25,0.25,0,11550
1248,2022-06-02 09:41:00+05:30,0.25,0.25,0.25,0.25,0,11550
1249,2022-06-02 09:42:00+05:30,0.25,0.25,0.25,0.25,0,11550
1250,2022-06-02 09:43:00+05:30,0.25,0.25,0.25,0.25,0,11550
1251,2022-06-02 09:44:00+05:30,0.25,0.25,0.25,0.25,0,11550
1252,2022-06-02 09:45:00+05:30,0.25,0.25,0.25,0.25,0,11550
1253,2022-06-02 09:46:00+05:30,0.25,0.25,0.25,0.25,0,11550
1254,2022-06-02 09:47:00+05:30,0.25,0.25,0.25,0.25,0,11550
1255,2022-06-02 09:48:00+05:30,0.25,0.25,0.25,0.25,0,11550
1256,2022-06-02 09:49:00+05:30,0.25,0.25,0.25,0.25,0,11550
1257,2022-06-02 09:50:00+05:30,0.25,0.25,0.25,0.25,100,10550
1258,2022-06-02 09:51:00+05:30,0.25,0.25,0.25,0.25,0,10550
1259,2022-06-02 09:52:00+05:30,0.25,0.25,0.25,0.25,0,10550
1260,2022-06-02 09:53:00+05:30,0.25,0.25,0.25,0.25,0,10550
1261,2022-06-02 09:54:00+05:30,0.25,0.25,0.25,0.25,0,10550
1262,2022-06-02 09:55:00+05:30,0.25,0.25,0.25,0.25,0,10550
1263,2022-06-02 09:56:00+05:30,0.25,0.25,0.25,0.25,0,10550
1264,2022-06-02 09:57:00+05:30,0.25,0.25,0.25,0.25,0,10550
1265,2022-06-02 09:58:00+05:30,0.25,0.25,0.25,0.25,0,10550
1266,2022-06-02 09:59:00+05:30,0.25,0.25,0.25,0.25,0,10550
1267,2022-06-02 10:00:00+05:30,0.25,0.25,0.25,0.25,150,10450
1268,2022-06-02 10:01:00+05:30,0.25,0.25,0.25,0.25,0,10450
1269,2022-06-02 10:02:00+05:30,0.25,0.25,0.25,0.25,0,10450
1270,2022-06-02 10:03:00+05:30,0.25,0.25,0.25,0.25,0,10450
1271,2022-06-02 10:04:00+05:30,0.25,0.25,0.25,0.25,0,10450
1272,2022-06-02 10:05:00+05:30,0.25,0.25,0.25,0.25,0,10450
1273,2022-06-02 10:06:00+05:30,0.25,0.25,0.25,0.25,100,10050
1274,2022-06-02 10:07:00+05:30,0.25,0.25,0.25,0.25,950,10050
1275,2022-06-02 10:08:00+05:30,0.25,0.25,0.25,0.25,250,9550
1276,2022-06-02 10:09:00+05:30,0.25,0.25,0.25,0.25,0,9550
1277,2022-06-02 10:10:00+05:30,0.25,0.25,0.25,0.25,0,9550
1278,2022-06-02 10:11:00+05:30,0.25,0.25,0.25,0.25,0,9550
1279,2022-06-02 10:12:00+05:30,0.25,0.25,0.25,0.25,0,9550
1280,2022-06-02 10:13:00+05:30,0.25,0.25,0.25,0.25,0,9550
1281,2022-06-02 10:14:00+05:30,0.25,0.25,0.25,0.25,0,9550
1282,2022-06-02 10:15:00+05:30,0.25,0.25,0.25,0.25,0,9550
1283,2022-06-02 10:16:00+05:30,0.25,0.25,0.25,0.25,50,9550
1284,2022-06-02 10:17:00+05:30,0.25,0.25,0.25,0.25,0,9550
1285,2022-06-02 10:18:00+05:30,0.25,0.25,0.25,0.25,0,9550
1286,2022-06-02 10:19:00+05:30,0.25,0.25,0.25,0.25,0,9550
1287,2022-06-02 10:20:00+05:30,0.25,0.25,0.25,0.25,0,9550
1288,2022-06-02 10:21:00+05:30,0.25,0.25,0.25,0.25,0,9550
1289,2022-06-02 10:22:00+05:30,0.25,0.25,0.25,0.25,0,9550
1290,2022-06-02 10:23:00+05:30,0.25,0.25,0.25,0.25,0,9550
1291,2022-06-02 10:24:00+05:30,0.25,0.25,0.25,0.25,0,9500
1292,2022-06-02 10:25:00+05:30,0.25,0.25,0.25,0.25,1550,9500
1293,2022-06-02 10:26:00+05:30,0.25,0.25,0.25,0.25,0,9500
1294,2022-06-02 10:27:00+05:30,0.25,0.25,0.25,0.25,0,9500
1295,2022-06-02 10:28:00+05:30,0.25,0.25,0.25,0.25,0,9500
1296,2022-06-02 10:29:00+05:30,0.25,0.25,0.25,0.25,0,9500
1297,2022-06-02 10:30:00+05:30,0.25,0.25,0.25,0.25,0,9500
1298,2022-06-02 10:31:00+05:30,0.25,0.25,0.25,0.25,1400,8250
1299,2022-06-02 10:32:00+05:30,0.25,0.25,0.25,0.25,0,8250
1300,2022-06-02 10:33:00+05:30,0.25,0.25,0.25,0.25,0,8250
1301,2022-06-02 10:34:00+05:30,0.25,0.25,0.25,0.25,0,8250
1302,2022-06-02 10:35:00+05:30,0.25,0.25,0.25,0.25,0,8250
1303,2022-06-02 10:36:00+05:30,0.25,0.25,0.25,0.25,0,8250
1304,2022-06-02 10:37:00+05:30,0.25,0.25,0.25,0.25,0,8250
1305,2022-06-02 10:38:00+05:30,0.25,0.25,0.2,0.2,200,8350
1306,2022-06-02 10:39:00+05:30,0.25,0.25,0.25,0.25,150,8350
1307,2022-06-02 10:40:00+05:30,0.25,0.25,0.25,0.25,0,8350
1308,2022-06-02 10:41:00+05:30,0.25,0.25,0.25,0.25,0,8350
1309,2022-06-02 10:42:00+05:30,0.25,0.25,0.25,0.25,0,8350
1310,2022-06-02 10:43:00+05:30,0.25,0.25,0.25,0.25,50,8200
1311,2022-06-02 10:44:00+05:30,0.25,0.25,0.25,0.25,0,8200
1312,2022-06-02 10:45:00+05:30,0.25,0.25,0.25,0.25,0,8200
1313,2022-06-02 10:46:00+05:30,0.25,0.25,0.25,0.25,0,8200
1314,2022-06-02 10:47:00+05:30,0.25,0.25,0.25,0.25,0,8200
1315,2022-06-02 10:48:00+05:30,0.25,0.25,0.25,0.25,0,8200
1316,2022-06-02 10:49:00+05:30,0.25,0.25,0.25,0.25,0,8200
1317,2022-06-02 10:50:00+05:30,0.25,0.25,0.25,0.25,0,8200
1318,2022-06-02 10:51:00+05:30,0.25,0.25,0.25,0.25,0,8200
1319,2022-06-02 10:52:00+05:30,0.25,0.25,0.25,0.25,0,8200
1320,2022-06-02 10:53:00+05:30,0.25,0.25,0.25,0.25,0,8200
1321,2022-06-02 10:54:00+05:30,0.25,0.25,0.25,0.25,0,8200
1322,2022-06-02 10:55:00+05:30,0.25,0.25,0.25,0.25,0,8200
1323,2022-06-02 10:56:00+05:30,0.25,0.25,0.25,0.25,0,8200
1324,2022-06-02 10:57:00+05:30,0.25,0.25,0.25,0.25,0,8200
1325,2022-06-02 10:58:00+05:30,0.25,0.25,0.25,0.25,0,8200
1326,2022-06-02 10:59:00+05:30,0.25,0.25,0.25,0.25,0,8200
1327,2022-06-02 11:00:00+05:30,0.25,0.25,0.25,0.25,0,8200
1328,2022-06-02 11:01:00+05:30,0.25,0.25,0.25,0.25,0,8200
1329,2022-06-02 11:02:00+05:30,0.25,0.25,0.25,0.25,0,8200
1330,2022-06-02 11:03:00+05:30,0.25,0.25,0.25,0.25,0,8200
1331,2022-06-02 11:04:00+05:30,0.25,0.25,0.25,0.25,0,8200
1332,2022-06-02 11:05:00+05:30,0.25,0.25,0.25,0.25,0,8200
1333,2022-06-02 11:06:00+05:30,0.25,0.25,0.25,0.25,0,8200
1334,2022-06-02 11:07:00+05:30,0.25,0.25,0.25,0.25,0,8200
1335,2022-06-02 11:08:00+05:30,0.25,0.25,0.25,0.25,0,8200
1336,2022-06-02 11:09:00+05:30,0.2,0.2,0.2,0.2,50,8150
1337,2022-06-02 11:11:00+05:30,0.2,0.2,0.2,0.2,0,8150
1338,2022-06-02 11:12:00+05:30,0.2,0.2,0.2,0.2,50,8150
1339,2022-06-02 11:13:00+05:30,0.2,0.2,0.2,0.2,0,8150
1340,2022-06-02 11:14:00+05:30,0.2,0.2,0.2,0.2,500,8150
1341,2022-06-02 11:15:00+05:30,0.2,0.2,0.2,0.2,0,9700
1342,2022-06-02 11:16:00+05:30,0.2,0.2,0.2,0.2,0,9700
1343,2022-06-02 11:17:00+05:30,0.2,0.2,0.2,0.2,400,10400
1344,2022-06-02 11:18:00+05:30,0.2,0.2,0.2,0.2,0,10400
1345,2022-06-02 11:19:00+05:30,0.2,0.2,0.2,0.2,0,10400
1346,2022-06-02 11:20:00+05:30,0.2,0.2,0.2,0.2,0,10400
1347,2022-06-02 11:21:00+05:30,0.2,0.2,0.2,0.2,0,11000
1348,2022-06-02 11:22:00+05:30,0.2,0.2,0.15,0.15,0,11000
1349,2022-06-02 11:23:00+05:30,0.15,0.15,0.15,0.15,400,11000
1350,2022-06-02 11:24:00+05:30,0.15,0.15,0.15,0.15,0,11000
1351,2022-06-02 11:25:00+05:30,0.15,0.15,0.15,0.15,0,11000
1352,2022-06-02 11:26:00+05:30,0.15,0.15,0.15,0.15,0,11000
1353,2022-06-02 11:27:00+05:30,0.15,0.15,0.15,0.15,0,11000
1354,2022-06-02 11:28:00+05:30,0.15,0.15,0.15,0.15,0,11000
1355,2022-06-02 11:29:00+05:30,0.15,0.15,0.15,0.15,0,11000
1356,2022-06-02 11:30:00+05:30,0.15,0.15,0.15,0.15,0,11000
1357,2022-06-02 11:31:00+05:30,0.15,0.15,0.15,0.15,50,14300
1358,2022-06-02 11:32:00+05:30,0.15,0.15,0.15,0.15,0,14300
1359,2022-06-02 11:33:00+05:30,0.15,0.15,0.15,0.15,0,14300
1360,2022-06-02 11:34:00+05:30,0.15,0.15,0.15,0.15,0,14300
1361,2022-06-02 11:35:00+05:30,0.15,0.15,0.15,0.15,0,14300
1362,2022-06-02 11:36:00+05:30,0.15,0.15,0.15,0.15,0,14300
1363,2022-06-02 11:37:00+05:30,0.15,0.15,0.15,0.15,0,14300
1364,2022-06-02 11:38:00+05:30,0.15,0.15,0.15,0.15,0,14300
1365,2022-06-02 11:39:00+05:30,0.15,0.2,0.15,0.2,2050,14300
1366,2022-06-02 11:40:00+05:30,0.2,0.2,0.2,0.2,0,14300
1367,2022-06-02 11:41:00+05:30,0.2,0.2,0.2,0.2,0,14300
1368,2022-06-02 11:43:00+05:30,0.2,0.2,0.2,0.2,0,14300
1369,2022-06-02 11:44:00+05:30,0.2,0.2,0.2,0.2,0,14300
1370,2022-06-02 11:45:00+05:30,0.2,0.2,0.2,0.2,0,14300
1371,2022-06-02 11:46:00+05:30,0.2,0.2,0.2,0.2,0,14300
1372,2022-06-02 11:47:00+05:30,0.2,0.2,0.2,0.2,0,14300
1373,2022-06-02 11:48:00+05:30,0.2,0.2,0.2,0.2,0,14300
1374,2022-06-02 11:49:00+05:30,0.2,0.2,0.15,0.15,50,12300
1375,2022-06-02 11:50:00+05:30,0.15,0.25,0.15,0.25,1400,10900
1376,2022-06-02 11:51:00+05:30,0.25,0.25,0.25,0.25,0,10900
1377,2022-06-02 11:52:00+05:30,0.25,0.25,0.25,0.25,0,10900
1378,2022-06-02 11:53:00+05:30,0.25,0.25,0.25,0.25,0,10900
1379,2022-06-02 11:54:00+05:30,0.25,0.25,0.25,0.25,0,10900
1380,2022-06-02 11:55:00+05:30,0.25,0.25,0.15,0.15,250,10900
1381,2022-06-02 11:56:00+05:30,0.15,0.15,0.15,0.15,0,10900
1382,2022-06-02 11:57:00+05:30,0.15,0.15,0.15,0.15,0,10900
1383,2022-06-02 11:58:00+05:30,0.15,0.15,0.15,0.15,0,10900
1384,2022-06-02 11:59:00+05:30,0.15,0.15,0.15,0.15,0,10900
1385,2022-06-02 12:00:00+05:30,0.15,0.15,0.15,0.15,0,10900
1386,2022-06-02 12:01:00+05:30,0.15,0.15,0.15,0.15,800,10900
1387,2022-06-02 12:02:00+05:30,0.15,0.15,0.15,0.15,0,10900
1388,2022-06-02 12:03:00+05:30,0.15,0.15,0.15,0.15,0,10900
1389,2022-06-02 12:04:00+05:30,0.15,0.15,0.15,0.15,0,10900
1390,2022-06-02 12:05:00+05:30,0.15,0.15,0.15,0.15,0,11400
1391,2022-06-02 12:06:00+05:30,0.15,0.15,0.15,0.15,0,11400
1392,2022-06-02 12:07:00+05:30,0.15,0.15,0.15,0.15,0,11400
1393,2022-06-02 12:08:00+05:30,0.15,0.15,0.15,0.15,0,11400
1394,2022-06-02 12:09:00+05:30,0.15,0.15,0.15,0.15,0,11400
1395,2022-06-02 12:10:00+05:30,0.15,0.15,0.15,0.15,0,11400
1396,2022-06-02 12:11:00+05:30,0.15,0.15,0.15,0.15,0,11400
1397,2022-06-02 12:12:00+05:30,0.15,0.15,0.15,0.15,0,11400
1398,2022-06-02 12:13:00+05:30,0.15,0.15,0.15,0.15,0,11400
1399,2022-06-02 12:14:00+05:30,0.15,0.15,0.15,0.15,0,11400
1400,2022-06-02 12:15:00+05:30,0.15,0.15,0.15,0.15,0,11400
1401,2022-06-02 12:16:00+05:30,0.15,0.15,0.15,0.15,0,11400
1402,2022-06-02 12:17:00+05:30,0.15,0.15,0.15,0.15,0,11400
1403,2022-06-02 12:18:00+05:30,0.15,0.15,0.15,0.15,0,11400
1404,2022-06-02 12:19:00+05:30,0.15,0.15,0.15,0.15,0,11400
1405,2022-06-02 12:20:00+05:30,0.15,0.15,0.15,0.15,0,11400
1406,2022-06-02 12:21:00+05:30,0.15,0.15,0.15,0.15,0,11400
1407,2022-06-02 12:22:00+05:30,0.15,0.15,0.15,0.15,0,11400
1408,2022-06-02 12:23:00+05:30,0.15,0.15,0.15,0.15,0,11400
1409,2022-06-02 12:24:00+05:30,0.15,0.15,0.15,0.15,0,11400
1410,2022-06-02 12:25:00+05:30,0.15,0.15,0.15,0.15,0,11400
1411,2022-06-02 12:26:00+05:30,0.15,0.15,0.15,0.15,0,11400
1412,2022-06-02 12:27:00+05:30,0.15,0.15,0.15,0.15,0,11400
1413,2022-06-02 12:28:00+05:30,0.15,0.15,0.15,0.15,0,11400
1414,2022-06-02 12:29:00+05:30,0.15,0.15,0.15,0.15,50,11400
1415,2022-06-02 12:30:00+05:30,0.15,0.15,0.15,0.15,0,11400
1416,2022-06-02 12:31:00+05:30,0.15,0.15,0.15,0.15,0,11400
1417,2022-06-02 12:32:00+05:30,0.15,0.15,0.15,0.15,0,11400
1418,2022-06-02 12:33:00+05:30,0.15,0.15,0.15,0.15,15000,11400
1419,2022-06-02 12:34:00+05:30,0.15,0.15,0.15,0.15,2800,11400
1420,2022-06-02 12:35:00+05:30,0.15,0.15,0.15,0.15,4350,20000
1421,2022-06-02 12:36:00+05:30,0.15,0.15,0.15,0.15,4850,20000
1422,2022-06-02 12:37:00+05:30,0.15,0.15,0.15,0.15,5050,20000
1423,2022-06-02 12:38:00+05:30,0.15,0.15,0.15,0.15,5100,21400
1424,2022-06-02 12:39:00+05:30,0.15,0.15,0.15,0.15,4750,21400
1425,2022-06-02 12:40:00+05:30,0.15,0.15,0.15,0.15,2750,21400
1426,2022-06-02 12:41:00+05:30,0.15,0.15,0.15,0.15,14850,21400
1427,2022-06-02 12:42:00+05:30,0.15,0.15,0.15,0.15,0,21400
1428,2022-06-02 12:43:00+05:30,0.15,0.15,0.15,0.15,0,21400
1429,2022-06-02 12:44:00+05:30,0.15,0.15,0.15,0.15,0,21400
1430,2022-06-02 12:45:00+05:30,0.15,0.15,0.15,0.15,0,21400
1431,2022-06-02 12:46:00+05:30,0.15,0.15,0.15,0.15,0,21400
1432,2022-06-02 12:47:00+05:30,0.15,0.15,0.15,0.15,0,21400
1433,2022-06-02 12:48:00+05:30,0.15,0.15,0.15,0.15,0,21400
1434,2022-06-02 12:49:00+05:30,0.15,0.15,0.15,0.15,0,21400
1435,2022-06-02 12:50:00+05:30,0.15,0.15,0.15,0.15,0,21400
1436,2022-06-02 12:51:00+05:30,0.15,0.15,0.15,0.15,0,21400
1437,2022-06-02 12:52:00+05:30,0.15,0.15,0.15,0.15,0,21400
1438,2022-06-02 12:53:00+05:30,0.15,0.15,0.15,0.15,0,21400
1439,2022-06-02 12:54:00+05:30,0.15,0.15,0.15,0.15,0,21400
1440,2022-06-02 12:55:00+05:30,0.15,0.15,0.15,0.15,0,21400
1441,2022-06-02 12:56:00+05:30,0.15,0.15,0.15,0.15,0,21400
1442,2022-06-02 12:57:00+05:30,0.15,0.15,0.15,0.15,0,21400
1443,2022-06-02 12:58:00+05:30,0.15,0.15,0.15,0.15,0,21400
1444,2022-06-02 12:59:00+05:30,0.15,0.15,0.15,0.15,0,21400
1445,2022-06-02 13:00:00+05:30,0.15,0.15,0.15,0.15,0,21400
1446,2022-06-02 13:01:00+05:30,0.15,0.15,0.15,0.15,0,21400
1447,2022-06-02 13:02:00+05:30,0.15,0.15,0.15,0.15,0,21400
1448,2022-06-02 13:03:00+05:30,0.15,0.15,0.15,0.15,0,21400
1449,2022-06-02 13:04:00+05:30,0.15,0.15,0.15,0.15,0,21400
1450,2022-06-02 13:05:00+05:30,0.15,0.15,0.15,0.15,0,21400
1451,2022-06-02 13:07:00+05:30,0.15,0.15,0.15,0.15,0,21400
1452,2022-06-02 13:08:00+05:30,0.15,0.15,0.15,0.15,0,21400
1453,2022-06-02 13:09:00+05:30,0.15,0.15,0.15,0.15,0,21400
1454,2022-06-02 13:10:00+05:30,0.15,0.15,0.15,0.15,0,21400
1455,2022-06-02 13:11:00+05:30,0.15,0.15,0.15,0.15,0,21400
1456,2022-06-02 13:12:00+05:30,0.15,0.15,0.15,0.15,0,21400
1457,2022-06-02 13:13:00+05:30,0.15,0.15,0.15,0.15,0,21400
1458,2022-06-02 13:14:00+05:30,0.15,0.15,0.15,0.15,0,21400
1459,2022-06-02 13:15:00+05:30,0.15,0.15,0.15,0.15,0,21400
1460,2022-06-02 13:16:00+05:30,0.15,0.15,0.15,0.15,0,21400
1461,2022-06-02 13:17:00+05:30,0.15,0.15,0.15,0.15,0,21400
1462,2022-06-02 13:18:00+05:30,0.15,0.15,0.15,0.15,0,21400
1463,2022-06-02 13:19:00+05:30,0.15,0.15,0.15,0.15,0,21400
1464,2022-06-02 13:20:00+05:30,0.15,0.15,0.15,0.15,0,21400
1465,2022-06-02 13:21:00+05:30,0.15,0.15,0.15,0.15,0,21400
1466,2022-06-02 13:22:00+05:30,0.15,0.15,0.15,0.15,0,21400
1467,2022-06-02 13:23:00+05:30,0.15,0.15,0.15,0.15,0,21400
1468,2022-06-02 13:24:00+05:30,0.15,0.15,0.15,0.15,0,21400
1469,2022-06-02 13:25:00+05:30,0.15,0.15,0.15,0.15,0,21400
1470,2022-06-02 13:26:00+05:30,0.15,0.15,0.15,0.15,0,21400
1471,2022-06-02 13:28:00+05:30,0.15,0.15,0.1,0.15,1050,14950
1472,2022-06-02 13:29:00+05:30,0.15,0.15,0.15,0.15,50,14950
1473,2022-06-02 13:30:00+05:30,0.15,0.15,0.15,0.15,0,14950
1474,2022-06-02 13:31:00+05:30,0.15,0.15,0.15,0.15,0,14950
1475,2022-06-02 13:32:00+05:30,0.15,0.15,0.15,0.15,0,14950
1476,2022-06-02 13:33:00+05:30,0.15,0.15,0.15,0.15,0,14950
1477,2022-06-02 13:34:00+05:30,0.15,0.15,0.1,0.1,50,13900
1478,2022-06-02 13:35:00+05:30,0.1,0.1,0.1,0.1,0,13900
1479,2022-06-02 13:36:00+05:30,0.1,0.1,0.1,0.1,0,13900
1480,2022-06-02 13:37:00+05:30,0.1,0.1,0.1,0.1,0,13900
1481,2022-06-02 13:38:00+05:30,0.1,0.1,0.1,0.1,0,13900
1482,2022-06-02 13:39:00+05:30,0.1,0.1,0.1,0.1,50,13900
1483,2022-06-02 13:40:00+05:30,0.1,0.15,0.1,0.15,500,13900
1484,2022-06-02 13:41:00+05:30,0.15,0.2,0.1,0.1,1250,13900
1485,2022-06-02 13:42:00+05:30,0.1,0.1,0.1,0.1,0,13900
1486,2022-06-02 13:43:00+05:30,0.1,0.1,0.1,0.1,0,13900
1487,2022-06-02 13:44:00+05:30,0.1,0.15,0.1,0.15,1000,13900
1488,2022-06-02 13:46:00+05:30,0.15,0.15,0.15,0.15,0,13900
1489,2022-06-02 13:49:00+05:30,0.1,0.1,0.1,0.1,0,13400
1490,2022-06-02 13:50:00+05:30,0.15,0.15,0.1,0.15,50,13400
1491,2022-06-02 13:51:00+05:30,0.15,0.15,0.15,0.15,300,13400
1492,2022-06-02 13:52:00+05:30,0.15,0.15,0.15,0.15,0,13400
1493,2022-06-02 13:53:00+05:30,0.15,0.15,0.15,0.15,0,13400
1494,2022-06-02 13:54:00+05:30,0.15,0.15,0.15,0.15,0,13400
1495,2022-06-02 13:55:00+05:30,0.15,0.15,0.15,0.15,6900,13600
1496,2022-06-02 13:56:00+05:30,0.15,0.15,0.1,0.1,4250,13600
1497,2022-06-02 13:57:00+05:30,0.1,0.15,0.1,0.15,1550,24450
1498,2022-06-02 13:58:00+05:30,0.15,0.15,0.15,0.15,3400,24450
1499,2022-06-02 13:59:00+05:30,0.15,0.15,0.15,0.15,5600,24450
1500,2022-06-02 14:00:00+05:30,0.15,0.15,0.15,0.15,0,24450
1501,2022-06-02 14:01:00+05:30,0.15,0.15,0.15,0.15,1550,14000
1502,2022-06-02 14:02:00+05:30,0.15,0.15,0.15,0.15,6750,14000
1503,2022-06-02 14:03:00+05:30,0.15,0.15,0.1,0.1,1400,22700
1504,2022-06-02 14:04:00+05:30,0.1,0.15,0.1,0.15,8600,22700
1505,2022-06-02 14:06:00+05:30,0.15,0.15,0.15,0.15,0,22700
1506,2022-06-02 14:07:00+05:30,0.15,0.15,0.15,0.15,0,22700
1507,2022-06-02 14:08:00+05:30,0.15,0.15,0.15,0.15,0,22700
1508,2022-06-02 14:09:00+05:30,0.15,0.15,0.15,0.15,0,22700
1509,2022-06-02 14:10:00+05:30,0.15,0.15,0.15,0.15,0,22700
1510,2022-06-02 14:11:00+05:30,0.15,0.15,0.15,0.15,0,22700
1511,2022-06-02 14:12:00+05:30,0.15,0.15,0.05,0.05,250,14500
1512,2022-06-02 14:13:00+05:30,0.05,0.05,0.05,0.05,0,14500
1513,2022-06-02 14:14:00+05:30,0.05,0.05,0.05,0.05,0,14500
1514,2022-06-02 14:15:00+05:30,0.1,0.1,0.1,0.1,700,14500
1515,2022-06-02 14:16:00+05:30,0.1,0.1,0.1,0.1,0,14500
1516,2022-06-02 14:17:00+05:30,0.1,0.1,0.1,0.1,0,14500
1517,2022-06-02 14:21:00+05:30,0.1,0.1,0.1,0.1,0,14500
1518,2022-06-02 14:22:00+05:30,0.1,0.1,0.1,0.1,0,14500
1519,2022-06-02 14:24:00+05:30,0.1,0.1,0.1,0.1,0,14500
1520,2022-06-02 14:25:00+05:30,0.1,0.1,0.1,0.1,0,14500
1521,2022-06-02 14:26:00+05:30,0.1,0.1,0.1,0.1,0,14500
1522,2022-06-02 14:38:00+05:30,0.1,0.1,0.1,0.1,0,14500
1523,2022-06-02 14:39:00+05:30,0.1,0.1,0.1,0.1,0,14500
1524,2022-06-02 14:41:00+05:30,0.1,0.1,0.1,0.1,0,14500
1525,2022-06-02 14:42:00+05:30,0.1,0.1,0.05,0.05,200,14200
1526,2022-06-02 14:44:00+05:30,0.05,0.05,0.05,0.05,0,14200
1527,2022-06-02 14:45:00+05:30,0.05,0.05,0.05,0.05,0,14200
1528,2022-06-02 14:54:00+05:30,0.05,0.05,0.05,0.05,0,14200
1529,2022-06-02 14:55:00+05:30,0.05,0.05,0.05,0.05,0,14200
1530,2022-06-02 14:56:00+05:30,0.05,0.1,0.05,0.1,1200,14000
1531,2022-06-02 14:57:00+05:30,0.1,0.1,0.1,0.1,0,14000
1532,2022-06-02 14:58:00+05:30,0.1,0.1,0.1,0.1,0,14000
1533,2022-06-02 14:59:00+05:30,0.1,0.1,0.1,0.1,0,14000
1534,2022-06-02 15:00:00+05:30,0.1,0.1,0.1,0.1,0,14000
1535,2022-06-02 15:01:00+05:30,0.05,0.1,0.05,0.1,2950,14150
1536,2022-06-02 15:02:00+05:30,0.1,0.1,0.1,0.1,0,14150
1537,2022-06-02 15:03:00+05:30,0.1,0.1,0.05,0.05,100,12850
1538,2022-06-02 15:04:00+05:30,0.05,0.05,0.05,0.05,300,12850
1539,2022-06-02 15:05:00+05:30,0.05,0.05,0.05,0.05,0,12850
1540,2022-06-02 15:06:00+05:30,0.05,0.05,0.05,0.05,0,12850
1541,2022-06-02 15:09:00+05:30,0.05,0.05,0.05,0.05,0,12850
1542,2022-06-02 15:10:00+05:30,0.05,0.05,0.05,0.05,0,12850
1543,2022-06-02 15:15:00+05:30,0.05,0.05,0.05,0.05,0,12850
1544,2022-06-02 15:18:00+05:30,0.05,0.05,0.05,0.05,0,12850
1545,2022-06-02 15:21:00+05:30,0.05,0.05,0.05,0.05,0,12850
1546,2022-06-02 15:27:00+05:30,0.05,0.05,0.05,0.05,0,12850
1547,2022-06-02 15:28:00+05:30,0.05,0.05,0.05,0.05,0,12850
1548,2022-06-02 15:29:00+05:30,0.05,0.05,0.05,0.05,0,12850
